#
# There is insufficient memory for the Java Runtime Environment to continue.
# Native memory allocation (mmap) failed to map 65536 bytes. Error detail: Failed to commit metaspace.
# Possible reasons:
#   The system is out of physical RAM or swap space
#   This process is running with CompressedOops enabled, and the Java Heap may be blocking the growth of the native heap
# Possible solutions:
#   Reduce memory load on the system
#   Increase physical memory or swap space
#   Check if swap backing store is full
#   Decrease Java heap size (-Xmx/-Xms)
#   Decrease number of Java threads
#   Decrease Java thread stack sizes (-Xss)
#   Set larger code cache with -XX:ReservedCodeCacheSize=
#   JVM is running with Unscaled Compressed Oops mode in which the Java heap is
#     placed in the first 4GB address space. The Java Heap base address is the
#     maximum limit for the native heap growth. Please use -XX:HeapBaseMinAddress
#     to set the Java Heap base and to place the Java Heap above 4GB virtual address.
# This output file may be truncated or incomplete.
#
#  Out of Memory Error (virtualSpaceNode.cpp:113), pid=9608, tid=22612
#
# JRE version: Java(TM) SE Runtime Environment (23.0.1+11) (build 23.0.1+11-39)
# Java VM: Java HotSpot(TM) 64-Bit Server VM (23.0.1+11-39, mixed mode, emulated-client, sharing, tiered, compressed oops, compressed class ptrs, g1 gc, windows-amd64)
# No core dump will be written. Minidumps are not enabled by default on client versions of Windows
#

---------------  S U M M A R Y ------------

Command Line: -XX:TieredStopAtLevel=1 vn.kurisu.mentormatch.MentorMatchApplication

Host: 11th Gen Intel(R) Core(TM) i7-1165G7 @ 2.80GHz, 8 cores, 7G,  Windows 11 , 64 bit Build 26100 (10.0.26100.7705)
Time: Thu Mar 12 11:44:08 2026 SE Asia Standard Time elapsed time: 10.385646 seconds (0d 0h 0m 10s)

---------------  T H R E A D  ---------------

Current thread (0x00000181f327dfd0):  JavaThread "main"             [_thread_in_vm, id=22612, stack(0x000000128a100000,0x000000128a200000) (1024K)]

Stack: [0x000000128a100000,0x000000128a200000]
Native frames: (J=compiled Java code, j=interpreted, Vv=VM code, C=native code)
V  [jvm.dll+0x6e08b9]  (no source info available)
V  [jvm.dll+0x87dc83]  (no source info available)
V  [jvm.dll+0x88010e]  (no source info available)
V  [jvm.dll+0x8807e3]  (no source info available)
V  [jvm.dll+0x27aee6]  (no source info available)
V  [jvm.dll+0x87988e]  (no source info available)
V  [jvm.dll+0x682035]  (no source info available)
V  [jvm.dll+0x1e09dc]  (no source info available)
V  [jvm.dll+0x1e07ae]  (no source info available)
V  [jvm.dll+0x684988]  (no source info available)
V  [jvm.dll+0x2219dc]  (no source info available)
V  [jvm.dll+0x682a4e]  (no source info available)
V  [jvm.dll+0x277b9d]  (no source info available)
V  [jvm.dll+0x277f61]  (no source info available)
V  [jvm.dll+0x738abf]  (no source info available)
V  [jvm.dll+0x7398af]  (no source info available)
V  [jvm.dll+0x3c0f38]  (no source info available)
V  [jvm.dll+0x3bfd37]  (no source info available)
V  [jvm.dll+0x3bfcd8]  (no source info available)
V  [jvm.dll+0x3d1e7a]  (no source info available)
C  0x00000181fb989bec  (no source info available)

The last pc belongs to new (printed below).
Java frames: (J=compiled Java code, j=interpreted, Vv=VM code)
j  org.hibernate.boot.internal.SessionFactoryBuilderImpl.build()Lorg/hibernate/SessionFactory;+0
j  org.hibernate.jpa.boot.internal.EntityManagerFactoryBuilderImpl.build()Ljakarta/persistence/EntityManagerFactory;+22
j  org.springframework.orm.jpa.vendor.SpringHibernateJpaPersistenceProvider.createContainerEntityManagerFactory(Ljakarta/persistence/spi/PersistenceUnitInfo;Ljava/util/Map;)Ljakarta/persistence/EntityManagerFactory;+59
j  org.springframework.orm.jpa.LocalContainerEntityManagerFactoryBean.createNativeEntityManagerFactory()Ljakarta/persistence/EntityManagerFactory;+111
j  org.springframework.orm.jpa.AbstractEntityManagerFactoryBean.buildNativeEntityManagerFactory()Ljakarta/persistence/EntityManagerFactory;+1
j  org.springframework.orm.jpa.AbstractEntityManagerFactoryBean.afterPropertiesSet()V+192
j  org.springframework.orm.jpa.LocalContainerEntityManagerFactoryBean.afterPropertiesSet()V+84
j  org.springframework.beans.factory.support.AbstractAutowireCapableBeanFactory.invokeInitMethods(Ljava/lang/String;Ljava/lang/Object;Lorg/springframework/beans/factory/support/RootBeanDefinition;)V+56
j  org.springframework.beans.factory.support.AbstractAutowireCapableBeanFactory.initializeBean(Ljava/lang/String;Ljava/lang/Object;Lorg/springframework/beans/factory/support/RootBeanDefinition;)Ljava/lang/Object;+34
j  org.springframework.beans.factory.support.AbstractAutowireCapableBeanFactory.doCreateBean(Ljava/lang/String;Lorg/springframework/beans/factory/support/RootBeanDefinition;[Ljava/lang/Object;)Ljava/lang/Object;+228
j  org.springframework.beans.factory.support.AbstractAutowireCapableBeanFactory.createBean(Ljava/lang/String;Lorg/springframework/beans/factory/support/RootBeanDefinition;[Ljava/lang/Object;)Ljava/lang/Object;+153
j  org.springframework.beans.factory.support.AbstractBeanFactory.lambda$doGetBean$0(Ljava/lang/String;Lorg/springframework/beans/factory/support/RootBeanDefinition;[Ljava/lang/Object;)Ljava/lang/Object;+4
j  org.springframework.beans.factory.support.AbstractBeanFactory$$Lambda+0x00000181851e6958.getObject()Ljava/lang/Object;+16
j  org.springframework.beans.factory.support.DefaultSingletonBeanRegistry.getSingleton(Ljava/lang/String;Lorg/springframework/beans/factory/ObjectFactory;)Ljava/lang/Object;+114
J 3153 c1 org.springframework.beans.factory.support.AbstractBeanFactory.doGetBean(Ljava/lang/String;Ljava/lang/Class;[Ljava/lang/Object;Z)Ljava/lang/Object; (740 bytes) @ 0x00000181fc027084 [0x00000181fc026a00+0x0000000000000684]
j  org.springframework.beans.factory.support.AbstractBeanFactory.getBean(Ljava/lang/String;)Ljava/lang/Object;+5
j  org.springframework.beans.factory.support.BeanDefinitionValueResolver.resolveReference(Ljava/lang/Object;Lorg/springframework/beans/factory/config/RuntimeBeanReference;)Ljava/lang/Object;+145
j  org.springframework.beans.factory.support.BeanDefinitionValueResolver.resolveValueIfNecessary(Ljava/lang/Object;Ljava/lang/Object;)Ljava/lang/Object;+15
j  org.springframework.beans.factory.support.ConstructorResolver.resolveConstructorArguments(Ljava/lang/String;Lorg/springframework/beans/factory/support/RootBeanDefinition;Lorg/springframework/beans/BeanWrapper;Lorg/springframework/beans/factory/config/ConstructorArgumentValues;Lorg/springframework/beans/factory/config/ConstructorArgumentValues;)I+182
j  org.springframework.beans.factory.support.ConstructorResolver.instantiateUsingFactoryMethod(Ljava/lang/String;Lorg/springframework/beans/factory/support/RootBeanDefinition;[Ljava/lang/Object;)Lorg/springframework/beans/BeanWrapper;+588
j  org.springframework.beans.factory.support.AbstractAutowireCapableBeanFactory.instantiateUsingFactoryMethod(Ljava/lang/String;Lorg/springframework/beans/factory/support/RootBeanDefinition;[Ljava/lang/Object;)Lorg/springframework/beans/BeanWrapper;+11
j  org.springframework.beans.factory.support.AbstractAutowireCapableBeanFactory.createBeanInstance(Ljava/lang/String;Lorg/springframework/beans/factory/support/RootBeanDefinition;[Ljava/lang/Object;)Lorg/springframework/beans/BeanWrapper;+89
j  org.springframework.beans.factory.support.AbstractAutowireCapableBeanFactory.doCreateBean(Ljava/lang/String;Lorg/springframework/beans/factory/support/RootBeanDefinition;[Ljava/lang/Object;)Ljava/lang/Object;+34
j  org.springframework.beans.factory.support.AbstractAutowireCapableBeanFactory.createBean(Ljava/lang/String;Lorg/springframework/beans/factory/support/RootBeanDefinition;[Ljava/lang/Object;)Ljava/lang/Object;+153
j  org.springframework.beans.factory.support.AbstractBeanFactory.lambda$doGetBean$0(Ljava/lang/String;Lorg/springframework/beans/factory/support/RootBeanDefinition;[Ljava/lang/Object;)Ljava/lang/Object;+4
j  org.springframework.beans.factory.support.AbstractBeanFactory$$Lambda+0x00000181851e6958.getObject()Ljava/lang/Object;+16
j  org.springframework.beans.factory.support.DefaultSingletonBeanRegistry.getSingleton(Ljava/lang/String;Lorg/springframework/beans/factory/ObjectFactory;)Ljava/lang/Object;+114
J 3153 c1 org.springframework.beans.factory.support.AbstractBeanFactory.doGetBean(Ljava/lang/String;Ljava/lang/Class;[Ljava/lang/Object;Z)Ljava/lang/Object; (740 bytes) @ 0x00000181fc027084 [0x00000181fc026a00+0x0000000000000684]
j  org.springframework.beans.factory.support.AbstractBeanFactory.getBean(Ljava/lang/String;)Ljava/lang/Object;+5
j  org.springframework.beans.factory.support.BeanDefinitionValueResolver.resolveReference(Ljava/lang/Object;Lorg/springframework/beans/factory/config/RuntimeBeanReference;)Ljava/lang/Object;+145
j  org.springframework.beans.factory.support.BeanDefinitionValueResolver.resolveValueIfNecessary(Ljava/lang/Object;Ljava/lang/Object;)Ljava/lang/Object;+15
j  org.springframework.beans.factory.support.AbstractAutowireCapableBeanFactory.applyPropertyValues(Ljava/lang/String;Lorg/springframework/beans/factory/config/BeanDefinition;Lorg/springframework/beans/BeanWrapper;Lorg/springframework/beans/PropertyValues;)V+274
j  org.springframework.beans.factory.support.AbstractAutowireCapableBeanFactory.populateBean(Ljava/lang/String;Lorg/springframework/beans/factory/support/RootBeanDefinition;Lorg/springframework/beans/BeanWrapper;)V+351
j  org.springframework.beans.factory.support.AbstractAutowireCapableBeanFactory.doCreateBean(Ljava/lang/String;Lorg/springframework/beans/factory/support/RootBeanDefinition;[Ljava/lang/Object;)Ljava/lang/Object;+220
j  org.springframework.beans.factory.support.AbstractAutowireCapableBeanFactory.createBean(Ljava/lang/String;Lorg/springframework/beans/factory/support/RootBeanDefinition;[Ljava/lang/Object;)Ljava/lang/Object;+153
j  org.springframework.beans.factory.support.AbstractBeanFactory.lambda$doGetBean$0(Ljava/lang/String;Lorg/springframework/beans/factory/support/RootBeanDefinition;[Ljava/lang/Object;)Ljava/lang/Object;+4
j  org.springframework.beans.factory.support.AbstractBeanFactory$$Lambda+0x00000181851e6958.getObject()Ljava/lang/Object;+16
j  org.springframework.beans.factory.support.DefaultSingletonBeanRegistry.getSingleton(Ljava/lang/String;Lorg/springframework/beans/factory/ObjectFactory;)Ljava/lang/Object;+114
J 3153 c1 org.springframework.beans.factory.support.AbstractBeanFactory.doGetBean(Ljava/lang/String;Ljava/lang/Class;[Ljava/lang/Object;Z)Ljava/lang/Object; (740 bytes) @ 0x00000181fc027084 [0x00000181fc026a00+0x0000000000000684]
j  org.springframework.beans.factory.support.AbstractBeanFactory.getBean(Ljava/lang/String;)Ljava/lang/Object;+5
j  org.springframework.beans.factory.config.DependencyDescriptor.resolveCandidate(Ljava/lang/String;Ljava/lang/Class;Lorg/springframework/beans/factory/BeanFactory;)Ljava/lang/Object;+2
j  org.springframework.beans.factory.support.DefaultListableBeanFactory.doResolveDependency(Lorg/springframework/beans/factory/config/DependencyDescriptor;Ljava/lang/String;Ljava/util/Set;Lorg/springframework/beans/TypeConverter;)Ljava/lang/Object;+473
j  org.springframework.beans.factory.support.DefaultListableBeanFactory.resolveDependency(Lorg/springframework/beans/factory/config/DependencyDescriptor;Ljava/lang/String;Ljava/util/Set;Lorg/springframework/beans/TypeConverter;)Ljava/lang/Object;+117
j  org.springframework.beans.factory.support.ConstructorResolver.resolveAutowiredArgument(Lorg/springframework/beans/factory/config/DependencyDescriptor;Ljava/lang/Class;Ljava/lang/String;Ljava/util/Set;Lorg/springframework/beans/TypeConverter;Z)Ljava/lang/Object;+53
j  org.springframework.beans.factory.support.ConstructorResolver.createArgumentArray(Ljava/lang/String;Lorg/springframework/beans/factory/support/RootBeanDefinition;Lorg/springframework/beans/factory/config/ConstructorArgumentValues;Lorg/springframework/beans/BeanWrapper;[Ljava/lang/Class;[Ljava/lang/String;Ljava/lang/reflect/Executable;ZZ)Lorg/springframework/beans/factory/support/ConstructorResolver$ArgumentsHolder;+420
j  org.springframework.beans.factory.support.ConstructorResolver.autowireConstructor(Ljava/lang/String;Lorg/springframework/beans/factory/support/RootBeanDefinition;[Ljava/lang/reflect/Constructor;[Ljava/lang/Object;)Lorg/springframework/beans/BeanWrapper;+530
j  org.springframework.beans.factory.support.AbstractAutowireCapableBeanFactory.autowireConstructor(Ljava/lang/String;Lorg/springframework/beans/factory/support/RootBeanDefinition;[Ljava/lang/reflect/Constructor;[Ljava/lang/Object;)Lorg/springframework/beans/BeanWrapper;+13
j  org.springframework.beans.factory.support.AbstractAutowireCapableBeanFactory.createBeanInstance(Ljava/lang/String;Lorg/springframework/beans/factory/support/RootBeanDefinition;[Ljava/lang/Object;)Lorg/springframework/beans/BeanWrapper;+209
j  org.springframework.beans.factory.support.AbstractAutowireCapableBeanFactory.doCreateBean(Ljava/lang/String;Lorg/springframework/beans/factory/support/RootBeanDefinition;[Ljava/lang/Object;)Ljava/lang/Object;+34
j  org.springframework.beans.factory.support.AbstractAutowireCapableBeanFactory.createBean(Ljava/lang/String;Lorg/springframework/beans/factory/support/RootBeanDefinition;[Ljava/lang/Object;)Ljava/lang/Object;+153
j  org.springframework.beans.factory.support.AbstractBeanFactory.lambda$doGetBean$0(Ljava/lang/String;Lorg/springframework/beans/factory/support/RootBeanDefinition;[Ljava/lang/Object;)Ljava/lang/Object;+4
j  org.springframework.beans.factory.support.AbstractBeanFactory$$Lambda+0x00000181851e6958.getObject()Ljava/lang/Object;+16
j  org.springframework.beans.factory.support.DefaultSingletonBeanRegistry.getSingleton(Ljava/lang/String;Lorg/springframework/beans/factory/ObjectFactory;)Ljava/lang/Object;+114
J 3153 c1 org.springframework.beans.factory.support.AbstractBeanFactory.doGetBean(Ljava/lang/String;Ljava/lang/Class;[Ljava/lang/Object;Z)Ljava/lang/Object; (740 bytes) @ 0x00000181fc027084 [0x00000181fc026a00+0x0000000000000684]
j  org.springframework.beans.factory.support.AbstractBeanFactory.getBean(Ljava/lang/String;)Ljava/lang/Object;+5
j  org.springframework.beans.factory.config.DependencyDescriptor.resolveCandidate(Ljava/lang/String;Ljava/lang/Class;Lorg/springframework/beans/factory/BeanFactory;)Ljava/lang/Object;+2
j  org.springframework.beans.factory.support.DefaultListableBeanFactory.doResolveDependency(Lorg/springframework/beans/factory/config/DependencyDescriptor;Ljava/lang/String;Ljava/util/Set;Lorg/springframework/beans/TypeConverter;)Ljava/lang/Object;+473
j  org.springframework.beans.factory.support.DefaultListableBeanFactory.resolveDependency(Lorg/springframework/beans/factory/config/DependencyDescriptor;Ljava/lang/String;Ljava/util/Set;Lorg/springframework/beans/TypeConverter;)Ljava/lang/Object;+117
j  org.springframework.beans.factory.support.ConstructorResolver.resolveAutowiredArgument(Lorg/springframework/beans/factory/config/DependencyDescriptor;Ljava/lang/Class;Ljava/lang/String;Ljava/util/Set;Lorg/springframework/beans/TypeConverter;Z)Ljava/lang/Object;+53
j  org.springframework.beans.factory.support.ConstructorResolver.createArgumentArray(Ljava/lang/String;Lorg/springframework/beans/factory/support/RootBeanDefinition;Lorg/springframework/beans/factory/config/ConstructorArgumentValues;Lorg/springframework/beans/BeanWrapper;[Ljava/lang/Class;[Ljava/lang/String;Ljava/lang/reflect/Executable;ZZ)Lorg/springframework/beans/factory/support/ConstructorResolver$ArgumentsHolder;+420
j  org.springframework.beans.factory.support.ConstructorResolver.autowireConstructor(Ljava/lang/String;Lorg/springframework/beans/factory/support/RootBeanDefinition;[Ljava/lang/reflect/Constructor;[Ljava/lang/Object;)Lorg/springframework/beans/BeanWrapper;+530
j  org.springframework.beans.factory.support.AbstractAutowireCapableBeanFactory.autowireConstructor(Ljava/lang/String;Lorg/springframework/beans/factory/support/RootBeanDefinition;[Ljava/lang/reflect/Constructor;[Ljava/lang/Object;)Lorg/springframework/beans/BeanWrapper;+13
j  org.springframework.beans.factory.support.AbstractAutowireCapableBeanFactory.createBeanInstance(Ljava/lang/String;Lorg/springframework/beans/factory/support/RootBeanDefinition;[Ljava/lang/Object;)Lorg/springframework/beans/BeanWrapper;+209
j  org.springframework.beans.factory.support.AbstractAutowireCapableBeanFactory.doCreateBean(Ljava/lang/String;Lorg/springframework/beans/factory/support/RootBeanDefinition;[Ljava/lang/Object;)Ljava/lang/Object;+34
j  org.springframework.beans.factory.support.AbstractAutowireCapableBeanFactory.createBean(Ljava/lang/String;Lorg/springframework/beans/factory/support/RootBeanDefinition;[Ljava/lang/Object;)Ljava/lang/Object;+153
j  org.springframework.beans.factory.support.AbstractBeanFactory.lambda$doGetBean$0(Ljava/lang/String;Lorg/springframework/beans/factory/support/RootBeanDefinition;[Ljava/lang/Object;)Ljava/lang/Object;+4
j  org.springframework.beans.factory.support.AbstractBeanFactory$$Lambda+0x00000181851e6958.getObject()Ljava/lang/Object;+16
j  org.springframework.beans.factory.support.DefaultSingletonBeanRegistry.getSingleton(Ljava/lang/String;Lorg/springframework/beans/factory/ObjectFactory;)Ljava/lang/Object;+114
J 3153 c1 org.springframework.beans.factory.support.AbstractBeanFactory.doGetBean(Ljava/lang/String;Ljava/lang/Class;[Ljava/lang/Object;Z)Ljava/lang/Object; (740 bytes) @ 0x00000181fc027084 [0x00000181fc026a00+0x0000000000000684]
J 3158 c1 org.springframework.beans.factory.support.AbstractBeanFactory.getBean(Ljava/lang/String;Ljava/lang/Class;)Ljava/lang/Object; (9 bytes) @ 0x00000181fc0223f4 [0x00000181fc0223a0+0x0000000000000054]
j  org.springframework.boot.web.servlet.ServletContextInitializerBeans.getOrderedBeansOfType(Lorg/springframework/beans/factory/ListableBeanFactory;Ljava/lang/Class;Ljava/util/Set;)Ljava/util/List;+69
j  org.springframework.boot.web.servlet.ServletContextInitializerBeans.addAsRegistrationBean(Lorg/springframework/beans/factory/ListableBeanFactory;Ljava/lang/Class;Ljava/lang/Class;Lorg/springframework/boot/web/servlet/ServletContextInitializerBeans$RegistrationBeanAdapter;)V+7
j  org.springframework.boot.web.servlet.ServletContextInitializerBeans.addAsRegistrationBean(Lorg/springframework/beans/factory/ListableBeanFactory;Ljava/lang/Class;Lorg/springframework/boot/web/servlet/ServletContextInitializerBeans$RegistrationBeanAdapter;)V+5
j  org.springframework.boot.web.servlet.ServletContextInitializerBeans.addAdaptableBeans(Lorg/springframework/beans/factory/ListableBeanFactory;)V+32
j  org.springframework.boot.web.servlet.ServletContextInitializerBeans.<init>(Lorg/springframework/beans/factory/ListableBeanFactory;[Ljava/lang/Class;)V+54
j  org.springframework.boot.web.servlet.context.ServletWebServerApplicationContext.getServletContextInitializerBeans()Ljava/util/Collection;+12
j  org.springframework.boot.web.servlet.context.ServletWebServerApplicationContext.selfInitialize(Ljakarta/servlet/ServletContext;)V+19
j  org.springframework.boot.web.servlet.context.ServletWebServerApplicationContext$$Lambda+0x000001818541ddd8.onStartup(Ljakarta/servlet/ServletContext;)V+5
j  org.springframework.boot.web.embedded.tomcat.TomcatStarter.onStartup(Ljava/util/Set;Ljakarta/servlet/ServletContext;)V+28
j  org.apache.catalina.core.StandardContext.startInternal()V+1048
j  org.apache.catalina.util.LifecycleBase.start()V+210
j  org.apache.catalina.core.ContainerBase$StartChild.call()Ljava/lang/Void;+4
j  org.apache.catalina.core.ContainerBase$StartChild.call()Ljava/lang/Object;+1
j  java.util.concurrent.FutureTask.run()V+39 java.base@23.0.1
j  org.apache.tomcat.util.threads.InlineExecutorService.execute(Ljava/lang/Runnable;)V+38
j  java.util.concurrent.AbstractExecutorService.submit(Ljava/util/concurrent/Callable;)Ljava/util/concurrent/Future;+20 java.base@23.0.1
j  org.apache.catalina.core.ContainerBase.startInternal()V+116
j  org.apache.catalina.core.StandardHost.startInternal()V+177
j  org.apache.catalina.util.LifecycleBase.start()V+210
j  org.apache.catalina.core.ContainerBase$StartChild.call()Ljava/lang/Void;+4
j  org.apache.catalina.core.ContainerBase$StartChild.call()Ljava/lang/Object;+1
j  java.util.concurrent.FutureTask.run()V+39 java.base@23.0.1
j  org.apache.tomcat.util.threads.InlineExecutorService.execute(Ljava/lang/Runnable;)V+38
j  java.util.concurrent.AbstractExecutorService.submit(Ljava/util/concurrent/Callable;)Ljava/util/concurrent/Future;+20 java.base@23.0.1
j  org.apache.catalina.core.ContainerBase.startInternal()V+116
j  org.apache.catalina.core.StandardEngine.startInternal()V+38
j  org.apache.catalina.util.LifecycleBase.start()V+210
j  org.apache.catalina.core.StandardService.startInternal()V+63
j  org.apache.catalina.util.LifecycleBase.start()V+210
j  org.apache.catalina.core.StandardServer.startInternal()V+94
j  org.apache.catalina.util.LifecycleBase.start()V+210
j  org.apache.catalina.startup.Tomcat.start()V+9
j  org.springframework.boot.web.embedded.tomcat.TomcatWebServer.initialize()V+55
j  org.springframework.boot.web.embedded.tomcat.TomcatWebServer.<init>(Lorg/apache/catalina/startup/Tomcat;ZLorg/springframework/boot/web/server/Shutdown;)V+66
j  org.springframework.boot.web.embedded.tomcat.TomcatServletWebServerFactory.getTomcatWebServer(Lorg/apache/catalina/startup/Tomcat;)Lorg/springframework/boot/web/embedded/tomcat/TomcatWebServer;+21
j  org.springframework.boot.web.embedded.tomcat.TomcatServletWebServerFactory.getWebServer([Lorg/springframework/boot/web/servlet/ServletContextInitializer;)Lorg/springframework/boot/web/server/WebServer;+212
j  org.springframework.boot.web.servlet.context.ServletWebServerApplicationContext.createWebServer()V+67
j  org.springframework.boot.web.servlet.context.ServletWebServerApplicationContext.onRefresh()V+5
j  org.springframework.context.support.AbstractApplicationContext.refresh()V+85
j  org.springframework.boot.web.servlet.context.ServletWebServerApplicationContext.refresh()V+1
j  org.springframework.boot.SpringApplication.refresh(Lorg/springframework/context/ConfigurableApplicationContext;)V+1
j  org.springframework.boot.SpringApplication.refreshContext(Lorg/springframework/context/ConfigurableApplicationContext;)V+16
j  org.springframework.boot.SpringApplication.run([Ljava/lang/String;)Lorg/springframework/context/ConfigurableApplicationContext;+110
j  org.springframework.boot.SpringApplication.run([Ljava/lang/Class;[Ljava/lang/String;)Lorg/springframework/context/ConfigurableApplicationContext;+9
j  org.springframework.boot.SpringApplication.run(Ljava/lang/Class;[Ljava/lang/String;)Lorg/springframework/context/ConfigurableApplicationContext;+9
j  vn.kurisu.mentormatch.MentorMatchApplication.main([Ljava/lang/String;)V+3
v  ~StubRoutines::call_stub 0x00000181fb970fcd
Lock stack of current Java thread (top to bottom):
LockStack[0]: [I 
{0x000000008aba8258} - klass: {type array int}
 - length: 0

new  187 new  [0x00000181fb989a60, 0x00000181fb989c70]  528 bytes
[MachCode]
  0x00000181fb989a60: 4883 ec08 | c5fa 1104 | 24eb 1f48 | 83ec 10c5 | fb11 0424 | eb14 4883 | ec10 4889 | 0424 48c7 
  0x00000181fb989a80: 4424 0800 | 0000 00eb | 0150 410f | b755 010f | cac1 ea10 | 488b 4de8 | 488b 4908 | 488b 4908 
  0x00000181fb989aa0: 488b 4108 | 807c 1004 | 070f 85e0 | 0000 0066 | 8b54 d148 | 488b 4928 | 488b 4cd1 | 0851 80b9 
  0x00000181fb989ac0: 3101 0000 | 040f 840d | 0000 004c | 3bb9 3801 | 0000 0f85 | b600 0000 | 8b51 08f6 | c201 0f85 
  0x00000181fb989ae0: aa00 0000 | 498b 87b8 | 0100 0048 | 8d1c 1049 | 3b9f c801 | 0000 0f87 | 9200 0000 | 4989 9fb8 
  0x00000181fb989b00: 0100 0048 | 83ea 100f | 840f 0000 | 0033 c9c1 | ea03 4889 | 4cd0 0848 | ffca 75f6 | 48c7 0001 
  0x00000181fb989b20: 0000 0059 | 33f6 8970 | 0c49 ba00 | 0000 8481 | 0100 0049 | 2bca 8948 | 0849 ba42 | adc0 b7f8 
  0x00000181fb989b40: 7f00 0041 | 803a 000f | 843c 0000 | 0050 488b | c848 83ec | 2040 f6c4 | 0f0f 8419 | 0000 0048 
  0x00000181fb989b60: 83ec 0848 | b850 ee70 | b7f8 7f00 | 00ff d048 | 83c4 08e9 | 0c00 0000 | 48b8 50ee | 70b7 f87f 
  0x00000181fb989b80: 0000 ffd0 | 4883 c420 | 58e9 cb00 | 0000 5948 | 8b55 e848 | 8b52 0848 | 8b52 0845 | 0fb7 4501 
  0x00000181fb989ba0: 410f c841 | c1e8 10e8 | 0500 0000 | e9a8 0000 | 0048 8d44 | 2408 4c89 | 6dc0 498b | cfc5 f877 
  0x00000181fb989bc0: 4989 afb0 | 0300 0049 | 8987 a003 | 0000 4883 | ec20 40f6 | c40f 0f84 | 1900 0000 | 4883 ec08 
  0x00000181fb989be0: 48b8 f01d | 39b7 f87f | 0000 ffd0 | 4883 c408 | e90c 0000 | 0048 b8f0 | 1d39 b7f8 | 7f00 00ff 
  0x00000181fb989c00: d048 83c4 | 2049 c787 | a003 0000 | 0000 0000 | 49c7 87b0 | 0300 0000 | 0000 0049 | c787 a803 
  0x00000181fb989c20: 0000 0000 | 0000 c5f8 | 7749 837f | 0800 0f84 | 0500 0000 | e987 72fe | ff49 8b87 | f803 0000 
  0x00000181fb989c40: 49c7 87f8 | 0300 0000 | 0000 004c | 8b6d c04c | 8b75 c84e | 8d74 f500 | c341 0fb6 | 5d03 4983 
  0x00000181fb989c60: c503 49ba | 5076 c4b7 | f87f 0000 | 41ff 24da 
[/MachCode]

Compiled method (c1) 10508 3153   !   1       org.springframework.beans.factory.support.AbstractBeanFactory::doGetBean (740 bytes)
 total in heap  [0x00000181fc026388,0x00000181fc029128] = 11680
 relocation     [0x00000181fc026460,0x00000181fc0269e8] = 1416
 main code      [0x00000181fc026a00,0x00000181fc028a90] = 8336
 stub code      [0x00000181fc028a90,0x00000181fc028ec0] = 1072
 oops           [0x00000181fc028ec0,0x00000181fc028f00] = 64
 metadata       [0x00000181fc028f00,0x00000181fc029128] = 552
 immutable data [0x00000181ca771f60,0x00000181ca7745c0] = 9824
 dependencies   [0x00000181ca771f60,0x00000181ca772060] = 256
 nul chk table  [0x00000181ca772060,0x00000181ca772138] = 216
 handler table  [0x00000181ca772138,0x00000181ca772d80] = 3144
 scopes pcs     [0x00000181ca772d80,0x00000181ca773660] = 2272
 scopes data    [0x00000181ca773660,0x00000181ca7745c0] = 3936

[Constant Pool (empty)]

[MachCode]
[Instructions begin]
  0x00000181fc026a00: 6666 660f | 1f84 0000 | 0000 0066 | 6666 9066 | 6690 448b | 5208 443b 

  0x00000181fc026a18: ;   {runtime_call ic_miss_stub}
  0x00000181fc026a18: 5008 0f85 | c07c 99ff 
[Verified Entry Point]
  0x00000181fc026a20: 8984 2400 | 80ff ff55 | 4881 ec10 | 0200 0090 | 4181 7f20 | 0400 0000 

  0x00000181fc026a38: ;   {runtime_call StubRoutines (final stubs)}
  0x00000181fc026a38: 7405 e821 | 3998 ff48 | 8994 24c0 | 0000 004c | 8984 24e0 | 0000 004c | 898c 24d8 | 0000 0048 
  0x00000181fc026a58: 89bc 24c8 | 0000 0089 | b424 d000 | 0000 498b | d066 0f1f 

  0x00000181fc026a6c: ;   {static_call}
  0x00000181fc026a6c: 4400 00e8 

  0x00000181fc026a70: ; ImmutableOopMap {[192]=Oop [200]=Oop [216]=Oop [224]=Oop }
                      ;*invokestatic transformedBeanName {reexecute=0 rethrow=0 return_oop=0}
                      ; - org.springframework.beans.factory.support.AbstractBeanFactory::transformedBeanName@2 (line 1235)
                      ; - org.springframework.beans.factory.support.AbstractBeanFactory::doGetBean@2 (line 244)
  0x00000181fc026a70: ecc7 fbff 

  0x00000181fc026a74: ;   {other}
  0x00000181fc026a74: 0f1f 8400 | ec06 0000 | e92a 0000 | 000f 1f80 | 0000 0000 | 488b 8424 | e800 0000 | e903 0000 
  0x00000181fc026a94: 0049 8bc0 | 4d8b 9750 

  0x00000181fc026a9c: ; ImmutableOopMap {r8=Oop rax=Oop [192]=Oop [200]=Oop [216]=Oop [224]=Oop }
                      ;*ifnonnull {reexecute=1 rethrow=0 return_oop=0}
                      ; - (reexecute) org.springframework.core.SimpleAliasRegistry::canonicalName@23 (line 221)
                      ; - org.springframework.beans.factory.support.AbstractBeanFactory::transformedBeanName@5 (line 1235)
                      ; - org.springframework.beans.factory.support.AbstractBeanFactory::doGetBean@2 (line 244)
                      ;   {poll}
  0x00000181fc026a9c: 0400 0041 | 8502 4d85 | c00f 8474 | 0000 0048 | 8b94 24c0 | 0000 008b | 7210 4c8b | c048 8bd6 
  0x00000181fc026abc: 4889 8424 | e800 0000 | 9048 b8f0 | a870 ca81 

  0x00000181fc026acc: ;   {virtual_call}
  0x00000181fc026acc: 0100 00e8 

  0x00000181fc026ad0: ; ImmutableOopMap {[192]=Oop [200]=Oop [216]=Oop [224]=Oop [232]=Oop }
                      ;*invokeinterface get {reexecute=0 rethrow=0 return_oop=0}
                      ; - org.springframework.core.SimpleAliasRegistry::canonicalName@7 (line 216)
                      ; - org.springframework.beans.factory.support.AbstractBeanFactory::transformedBeanName@5 (line 1235)
                      ; - org.springframework.beans.factory.support.AbstractBeanFactory::doGetBean@2 (line 244)
  0x00000181fc026ad0: beb5 b4ff 

  0x00000181fc026ad4: ;   {other}
  0x00000181fc026ad4: 0f1f 8400 | 4c07 0002 | 4885 c00f | 8429 0000 

  0x00000181fc026ae4: ;   {metadata('java/lang/String')}
  0x00000181fc026ae4: 0048 bed8 | 0d17 8481 | 0100 0044 | 8b48 0849 | ba00 0000 | 8481 0100 | 004d 03ca | 493b f10f 
  0x00000181fc026b04: 85b0 1a00 | 00e9 0000 | 0000 4c8b | c04d 85c0 | 0f84 6eff | ffff e976 | ffff ff4c | 8bc0 41b9 
  0x00000181fc026b24: 0100 0000 | 488b 9424 | c000 0000 | 4889 8424 | f000 0000 | 0f1f 8000 

  0x00000181fc026b3c: ;   {optimized virtual_call}
  0x00000181fc026b3c: 0000 00e8 

  0x00000181fc026b40: ; ImmutableOopMap {[192]=Oop [200]=Oop [216]=Oop [224]=Oop [240]=Oop }
                      ;*invokevirtual getSingleton {reexecute=0 rethrow=0 return_oop=0}
                      ; - org.springframework.beans.factory.support.DefaultSingletonBeanRegistry::getSingleton@3 (line 168)
                      ; - org.springframework.beans.factory.support.AbstractBeanFactory::doGetBean@10 (line 248)
  0x00000181fc026b40: 9c17 fcff 

  0x00000181fc026b44: ;   {other}
  0x00000181fc026b44: 0f1f 8400 | bc07 0003 | 4885 c00f | 8411 0000 | 0048 8bbc | 24c8 0000 | 0048 85ff | 0f84 e40b 
  0x00000181fc026b64: 0000 4c8b | 8424 f000 | 0000 488b | 9424 c000 

  0x00000181fc026b74: ;   {optimized virtual_call}
  0x00000181fc026b74: 0000 90e8 

  0x00000181fc026b78: ; ImmutableOopMap {[192]=Oop [200]=Oop [216]=Oop [224]=Oop [240]=Oop }
                      ;*invokevirtual isPrototypeCurrentlyInCreation {reexecute=0 rethrow=0 return_oop=0}
                      ; - org.springframework.beans.factory.support.AbstractBeanFactory::doGetBean@98 (line 265)
  0x00000181fc026b78: e461 1700 

  0x00000181fc026b7c: ;   {other}
  0x00000181fc026b7c: 0f1f 8400 | f407 0004 | 85c0 0f85 | 9514 0000 | 488b 9424 | c000 0000 | 8b72 4848 | 89b4 24f8 
  0x00000181fc026b9c: 0000 0048 | 85f6 0f84 | 4700 0000 | 488b 8424 | f000 0000 | 4885 c00f | 84d3 1300 | 008b babc 
  0x00000181fc026bbc: 0000 004c | 8bc0 488b | d748 8984 | 24f0 0000 | 0048 b818 | a970 ca81 

  0x00000181fc026bd4: ;   {virtual_call}
  0x00000181fc026bd4: 0100 00e8 

  0x00000181fc026bd8: ; ImmutableOopMap {[192]=Oop [200]=Oop [216]=Oop [224]=Oop [240]=Oop [248]=Oop }
                      ;*invokeinterface containsKey {reexecute=0 rethrow=0 return_oop=0}
                      ; - org.springframework.beans.factory.support.DefaultListableBeanFactory::containsBeanDefinition@11 (line 367)
                      ; - org.springframework.beans.factory.support.AbstractBeanFactory::doGetBean@128 (line 271)
  0x00000181fc026bd8: 0485 99ff 

  0x00000181fc026bdc: ;   {other}
  0x00000181fc026bdc: 0f1f 8400 | 5408 0005 | 83e0 0185 | c00f 844c | 0a00 008b | b424 d000 | 0000 85f6 | 0f85 1e00 
  0x00000181fc026bfc: 0000 4c8b | 8424 f000 | 0000 488b | 9424 c000 

  0x00000181fc026c0c: ;   {optimized virtual_call}
  0x00000181fc026c0c: 0000 90e8 

  0x00000181fc026c10: ; ImmutableOopMap {[192]=Oop [200]=Oop [216]=Oop [224]=Oop [240]=Oop }
                      ;*invokevirtual markBeanAsCreated {reexecute=0 rethrow=0 return_oop=0}
                      ; - org.springframework.beans.factory.support.AbstractBeanFactory::doGetBean@216 (line 291)
  0x00000181fc026c10: c11e 0000 

  0x00000181fc026c14: ;   {other}
  0x00000181fc026c14: 0f1f 8400 | 8c08 0006 | 4c8b 8c24 | d800 0000 | 488b 9424 | c000 0000 | 448b 4278 | 4d85 c00f 
  0x00000181fc026c34: 842a 0000 

  0x00000181fc026c38: ;   {metadata('org/springframework/core/metrics/DefaultApplicationStartup')}
  0x00000181fc026c38: 0048 b8d8 | 3602 8581 | 0100 0041 | 8b58 0849 | ba00 0000 | 8481 0100 | 0049 03da | 483b 4338 
  0x00000181fc026c58: 0f85 6419 | 0000 e900 | 0000 0049 | 8bf0 493b | 004d 85c9 | 0f84 5b00 | 0000 4d85 | c90f 8481 
  0x00000181fc026c78: ;   {oop(a 'java/lang/Class'{0x0000000083f649d8} = 'org/springframework/beans/factory/support/AbstractBeanFactory$$Lambda+0x00000181851e6730')}
  0x00000181fc026c78: 1200 0049 | b8d8 49f6 | 8300 0000 

  0x00000181fc026c84: ;   {oop(a 'jdk/internal/misc/Unsafe'{0x0000000083a45808})}
  0x00000181fc026c84: 0048 ba08 | 58a4 8300 

  0x00000181fc026c8c: ;   {optimized virtual_call}
  0x00000181fc026c8c: 0000 00e8 

  0x00000181fc026c90: ; ImmutableOopMap {[192]=Oop [200]=Oop [216]=Oop [224]=Oop [240]=Oop }
                      ;*invokevirtual allocateInstance {reexecute=0 rethrow=0 return_oop=0}
                      ; - java.lang.invoke.DirectMethodHandle::allocateInstance@12 (line 500)
                      ; - java.lang.invoke.DirectMethodHandle$Holder::newInvokeSpecial@1
                      ; - java.lang.invoke.Invokers$Holder::linkToTargetMethod@5
                      ; - org.springframework.beans.factory.support.AbstractBeanFactory::doGetBean@254 (line 298)
  0x00000181fc026c90: 9c8b d2ff 

  0x00000181fc026c94: ;   {other}
  0x00000181fc026c94: 0f1f 8400 | 0c09 0007 | 450f be47 | 3845 85c0 | 0f85 2219 | 0000 4c8b | 8c24 d800 | 0000 4d8b 
  0x00000181fc026cb4: d144 8950 | 0c4c 8bc0 | 4d33 c149 | c1e8 1449 | 83f8 000f | 8520 1900 | 004c 8b84 | 24f0 0000 
  0x00000181fc026cd4: 0048 8b94 | 24c0 0000 

  0x00000181fc026cdc: ;   {optimized virtual_call}
  0x00000181fc026cdc: 0066 90e8 

  0x00000181fc026ce0: ; ImmutableOopMap {[192]=Oop [200]=Oop [216]=Oop [224]=Oop [240]=Oop }
                      ;*invokevirtual getMergedLocalBeanDefinition {reexecute=0 rethrow=0 return_oop=0}
                      ; - org.springframework.beans.factory.support.AbstractBeanFactory::doGetBean@268 (line 300)
  0x00000181fc026ce0: 9c58 fcff 

  0x00000181fc026ce4: ;   {other}
  0x00000181fc026ce4: 0f1f 8400 | 5c09 0008 | 4889 8424 | 1801 0000 

  0x00000181fc026cf4: ; implicit exception: dispatches to 0x00000181fc028605
  0x00000181fc026cf4: 440f be40 | 2041 83e0 | 0145 85c0 | 0f85 4e11 | 0000 8b70 | 3448 89b4 | 2410 0100 | 0048 85f6 
  0x00000181fc026d14: 0f84 ec01 | 0000 8b5e | 0c89 9c24 | 0801 0000 | b900 0000 | 00e9 b001 | 0000 6690 | 4c63 c146 
  0x00000181fc026d34: 8b6c 8610 | 448b 723c | 4c8d 8424 | f801 0000 | 488b f84d | 8970 0849 | 8b06 458b | 8f18 0600 
  0x00000181fc026d54: 0041 81f9 | 6806 0000 | 0f8d b218 | 0000 4f3b | 740f f80f | 8425 0000 | 00a8 020f | 859f 1800 
  0x00000181fc026d74: 004c 8bc8 | 4983 e1fe | 4883 c801 | f04d 0fb1 | 0e0f 8589 | 1800 0045 | 8b8f 1806 | 0000 4f89 
  0x00000181fc026d94: 340f 4183 | c108 4589 | 8f18 0600 | 0049 ff87 | 5005 0000 | 4c8b c74d | 8bcd 4889 | bc24 f000 
  0x00000181fc026db4: ;   {oop(nullptr)}
  0x00000181fc026db4: 0000 48bf | 0000 0000 | 0000 0000 | 488b 9424 | c000 0000 | 4c89 b424 | 2001 0000 | 898c 24d4 
  0x00000181fc026dd4: 0000 004c | 89ac 2400 

  0x00000181fc026ddc: ;   {optimized virtual_call}
  0x00000181fc026ddc: 0100 00e8 

  0x00000181fc026de0: ; ImmutableOopMap {[192]=Oop [200]=Oop [216]=Oop [224]=Oop [240]=Oop [256]=Oop [272]=Oop [280]=Oop [288]=Oop [512]=Oop }
                      ;*invokevirtual isDependent {reexecute=0 rethrow=0 return_oop=0}
                      ; - org.springframework.beans.factory.support.DefaultSingletonBeanRegistry::isDependent@11 (line 440)
                      ; - org.springframework.beans.factory.support.AbstractBeanFactory::doGetBean@325 (line 307)
  0x00000181fc026de0: 8820 0000 

  0x00000181fc026de4: ;   {other}
  0x00000181fc026de4: 0f1f 8400 | 5c0a 0009 | 4c8b c048 | 8d84 24f8 | 0100 0048 | 8b50 0845 | 8b8f 1806 | 0000 4b3b 
  0x00000181fc026e04: 540f f80f | 851a 1800 | 0041 83af | 1806 0000 | 084b 3b54 | 0ff0 0f84 | 2a00 0000 | 488b 02a8 
  0x00000181fc026e24: 020f 8512 | 0000 004c | 8bc8 4983 | c901 f04c | 0fb1 0a0f | 840d 0000 | 0041 8387 | 1806 0000 
  0x00000181fc026e44: 08e9 dd17 | 0000 49ff | 8f50 0500 | 0041 83e0 | 0145 85c0 | 0f85 5007 | 0000 4c8b | 8424 0001 
  0x00000181fc026e64: 0000 4c8b | 8c24 f000 | 0000 488b | 9424 c000 

  0x00000181fc026e74: ;   {optimized virtual_call}
  0x00000181fc026e74: 0000 90e8 

  0x00000181fc026e78: ; ImmutableOopMap {[192]=Oop [200]=Oop [216]=Oop [224]=Oop [240]=Oop [256]=Oop [272]=Oop [280]=Oop }
                      ;*invokevirtual registerDependentBean {reexecute=0 rethrow=0 return_oop=0}
                      ; - org.springframework.beans.factory.support.AbstractBeanFactory::doGetBean@360 (line 311)
  0x00000181fc026e78: 791c 0000 

  0x00000181fc026e7c: ;   {other}
  0x00000181fc026e7c: 0f1f 8400 | f40a 000a | 4c8b 8424 | 0001 0000 

  0x00000181fc026e8c: ;   {oop(nullptr)}
  0x00000181fc026e8c: 49b9 0000 | 0000 0000 

  0x00000181fc026e94: ;   {oop(nullptr)}
  0x00000181fc026e94: 0000 48bf | 0000 0000 | 0000 0000 | be00 0000 | 0048 8b94 | 24c0 0000 

  0x00000181fc026eac: ;   {optimized virtual_call}
  0x00000181fc026eac: 0066 90e8 

  0x00000181fc026eb0: ; ImmutableOopMap {[192]=Oop [200]=Oop [216]=Oop [224]=Oop [240]=Oop [256]=Oop [272]=Oop [280]=Oop }
                      ;*invokevirtual doGetBean {reexecute=0 rethrow=0 return_oop=0}
                      ; - org.springframework.beans.factory.support.AbstractBeanFactory::getBean@5 (line 200)
                      ; - org.springframework.beans.factory.support.AbstractBeanFactory::doGetBean@366 (line 313)
  0x00000181fc026eb0: 6cfb ffff 

  0x00000181fc026eb4: ;   {other}
  0x00000181fc026eb4: 0f1f 8400 | 2c0b 000b | 8b8c 24d4 | 0000 00ff | c14d 8b97 

  0x00000181fc026ec8: ; ImmutableOopMap {[192]=Oop [200]=Oop [216]=Oop [224]=Oop [240]=Oop [256]=Oop [272]=Oop [280]=Oop }
                      ;*goto {reexecute=1 rethrow=0 return_oop=0}
                      ; - (reexecute) org.springframework.beans.factory.support.AbstractBeanFactory::doGetBean@404 (line 306)
  0x00000181fc026ec8: 5004 0000 

  0x00000181fc026ecc: ;   {poll}
  0x00000181fc026ecc: 4185 028b | 9c24 0801 | 0000 488b | b424 1001 | 0000 488b | 8424 f000 | 0000 488b | 9424 c000 
  0x00000181fc026eec: 0000 3bcb | 0f8c 3afe | ffff 4889 | 8424 f000 | 0000 488b | 8424 1801 | 0000 448b 

  0x00000181fc026f08: ;   {oop("singleton"{0x0000000083c28598})}
  0x00000181fc026f08: 402c 48ba | 9885 c283 | 0000 0000 

  0x00000181fc026f14: ;   {optimized virtual_call}
  0x00000181fc026f14: 6666 90e8 

  0x00000181fc026f18: ; ImmutableOopMap {[192]=Oop [200]=Oop [216]=Oop [224]=Oop [240]=Oop [280]=Oop }
                      ;*invokevirtual equals {reexecute=0 rethrow=0 return_oop=0}
                      ; - org.springframework.beans.factory.support.AbstractBeanDefinition::isSingleton@7 (line 535)
                      ; - org.springframework.beans.factory.support.AbstractBeanFactory::doGetBean@409 (line 323)
  0x00000181fc026f18: c459 afff 

  0x00000181fc026f1c: ;   {other}
  0x00000181fc026f1c: 0f1f 8400 | 940b 000d | 85c0 0f85 | 3d00 0000 | 488b 8424 | 1801 0000 | 448b 402c 

  0x00000181fc026f38: ;   {oop(""{0x0000000083a669d8})}
  0x00000181fc026f38: 48ba d869 | a683 0000 | 0000 0f1f 

  0x00000181fc026f44: ;   {optimized virtual_call}
  0x00000181fc026f44: 4400 00e8 

  0x00000181fc026f48: ; ImmutableOopMap {[192]=Oop [200]=Oop [216]=Oop [224]=Oop [240]=Oop [280]=Oop }
                      ;*invokevirtual equals {reexecute=0 rethrow=0 return_oop=0}
                      ; - org.springframework.beans.factory.support.AbstractBeanDefinition::isSingleton@19 (line 535)
                      ; - org.springframework.beans.factory.support.AbstractBeanFactory::doGetBean@409 (line 323)
  0x00000181fc026f48: 947c 99ff 

  0x00000181fc026f4c: ;   {other}
  0x00000181fc026f4c: 0f1f 8400 | c40b 000e | 85c0 41b8 | 0000 0000 | 7406 41b8 | 0100 0000 | e906 0000 | 0041 b801 
  0x00000181fc026f6c: 0000 0041 | 83e0 0145 | 85c0 0f84 | e501 0000 

  0x00000181fc026f7c: ;   {oop(a 'java/lang/Class'{0x0000000083f65578} = 'org/springframework/beans/factory/support/AbstractBeanFactory$$Lambda+0x00000181851e6958')}
  0x00000181fc026f7c: 49b8 7855 | f683 0000 

  0x00000181fc026f84: ;   {oop(a 'jdk/internal/misc/Unsafe'{0x0000000083a45808})}
  0x00000181fc026f84: 0000 48ba | 0858 a483 | 0000 0000 | 0f1f 8000 

  0x00000181fc026f94: ;   {optimized virtual_call}
  0x00000181fc026f94: 0000 00e8 

  0x00000181fc026f98: ; ImmutableOopMap {[192]=Oop [200]=Oop [216]=Oop [224]=Oop [240]=Oop [280]=Oop }
                      ;*invokevirtual allocateInstance {reexecute=0 rethrow=0 return_oop=0}
                      ; - java.lang.invoke.DirectMethodHandle::allocateInstance@12 (line 500)
                      ; - java.lang.invoke.DirectMethodHandle$Holder::newInvokeSpecial@1
                      ; - java.lang.invoke.Invokers$Holder::linkToTargetMethod@9
                      ; - org.springframework.beans.factory.support.AbstractBeanFactory::doGetBean@424 (line 324)
  0x00000181fc026f98: 9488 d2ff 

  0x00000181fc026f9c: ;   {other}
  0x00000181fc026f9c: 0f1f 8400 | 140c 000f | 450f be47 | 3845 85c0 | 0f85 8b16 | 0000 488b | 9424 c000 | 0000 4c8b 
  0x00000181fc026fbc: d244 8950 | 0c4c 8bc0 | 4c33 c249 | c1e8 1449 | 83f8 000f | 8589 1600 | 0045 0fbe | 4738 4585 
  0x00000181fc026fdc: c00f 8593 | 1600 0048 | 8bb4 24f0 | 0000 004c | 8bd6 4489 | 5010 4c8b | c04c 33c6 | 49c1 e814 
  0x00000181fc026ffc: 4983 f800 | 0f85 8c16 | 0000 450f | be47 3845 | 85c0 0f85 | 9616 0000 | 488b bc24 | 1801 0000 
  0x00000181fc02701c: 4c8b d744 | 8950 144c | 8bc0 4c33 | c749 c1e8 | 1449 83f8 | 000f 858f | 1600 0045 | 0fbe 4738 
  0x00000181fc02703c: 4585 c00f | 8599 1600 | 0048 8b9c | 24c8 0000 | 004c 8bd3 | 4489 5018 | 4c8b c04c | 33c3 49c1 
  0x00000181fc02705c: e814 4983 | f800 0f85 | 9216 0000 | 4c8b c64c | 8bc8 488b | da48 8bd3 | 4889 b424 | f000 0000 
  0x00000181fc02707c: ;   {optimized virtual_call}
  0x00000181fc02707c: 6666 90e8 

  0x00000181fc027080: ; ImmutableOopMap {[192]=Oop [216]=Oop [224]=Oop [240]=Oop [280]=Oop }
                      ;*invokevirtual getSingleton {reexecute=0 rethrow=0 return_oop=0}
                      ; - org.springframework.beans.factory.support.AbstractBeanFactory::doGetBean@429 (line 324)
  0x00000181fc027080: 911a 0000 

  0x00000181fc027084: ;   {other}
  0x00000181fc027084: 0f1f 8400 | fc0c 0010 | 488b 9424 | c000 0000 | 8bb2 9800 | 0000 483b | 064d 8b87 | 8803 0000 
  0x00000181fc0270a4: 4d8b 0048 | 8bd6 4889 | 8424 2801 | 0000 0f1f 

  0x00000181fc0270b4: ;   {optimized virtual_call}
  0x00000181fc0270b4: 4400 00e8 

  0x00000181fc0270b8: ; ImmutableOopMap {[192]=Oop [216]=Oop [224]=Oop [240]=Oop [280]=Oop [296]=Oop }
                      ;*invokevirtual get {reexecute=0 rethrow=0 return_oop=0}
                      ; - java.lang.ThreadLocal::get@4 (line 172)
                      ; - org.springframework.beans.factory.support.AbstractAutowireCapableBeanFactory::getObjectForBeanInstance@4 (line 1271)
                      ; - org.springframework.beans.factory.support.AbstractBeanFactory::doGetBean@442 (line 336)
  0x00000181fc0270b8: 24ab eeff 

  0x00000181fc0270bc: ;   {other}
  0x00000181fc0270bc: 0f1f 8400 | 340d 0011 | 4885 c00f | 8429 0000 

  0x00000181fc0270cc: ;   {metadata('java/lang/String')}
  0x00000181fc0270cc: 0048 bed8 | 0d17 8481 | 0100 0044 | 8b40 0849 | ba00 0000 | 8481 0100 | 004d 03c2 | 493b f00f 
  0x00000181fc0270ec: 8526 1600 | 00e9 0000 | 0000 4c8b | c84d 85c9 | 0f84 2200 | 0000 4c8b | 8424 f000 | 0000 488b 
  0x00000181fc02710c: 9424 c000 | 0000 0f1f 

  0x00000181fc027114: ;   {optimized virtual_call}
  0x00000181fc027114: 4400 00e8 

  0x00000181fc027118: ; ImmutableOopMap {[192]=Oop [216]=Oop [224]=Oop [240]=Oop [280]=Oop [296]=Oop }
                      ;*invokevirtual registerDependentBean {reexecute=0 rethrow=0 return_oop=0}
                      ; - org.springframework.beans.factory.support.AbstractAutowireCapableBeanFactory::getObjectForBeanInstance@21 (line 1273)
                      ; - org.springframework.beans.factory.support.AbstractBeanFactory::doGetBean@442 (line 336)
  0x00000181fc027118: c47a 99ff 

  0x00000181fc02711c: ;   {other}
  0x00000181fc02711c: 0f1f 8400 | 940d 0012 | 488b 8424 | 2801 0000 | 4c8b c04c | 8b8c 24e0 | 0000 0048 | 8bbc 24f0 
  0x00000181fc02713c: 0000 0048 | 8bb4 2418 | 0100 0048 | 8b94 24c0 

  0x00000181fc02714c: ;   {optimized virtual_call}
  0x00000181fc02714c: 0000 00e8 

  0x00000181fc027150: ; ImmutableOopMap {[192]=Oop [216]=Oop [224]=Oop [240]=Oop }
                      ;*invokespecial getObjectForBeanInstance {reexecute=0 rethrow=0 return_oop=0}
                      ; - org.springframework.beans.factory.support.AbstractAutowireCapableBeanFactory::getObjectForBeanInstance@30 (line 1276)
                      ; - org.springframework.beans.factory.support.AbstractBeanFactory::doGetBean@442 (line 336)
  0x00000181fc027150: 0cb6 ffff 

  0x00000181fc027154: ;   {other}
  0x00000181fc027154: 0f1f 8400 | cc0d 0013 | e9b3 0300 | 0048 8b84 | 2418 0100 | 0044 8b40 

  0x00000181fc02716c: ;   {oop("prototype"{0x0000000083c28560})}
  0x00000181fc02716c: 2c48 ba60 | 85c2 8300 

  0x00000181fc027174: ;   {optimized virtual_call}
  0x00000181fc027174: 0000 00e8 

  0x00000181fc027178: ; ImmutableOopMap {[192]=Oop [200]=Oop [216]=Oop [224]=Oop [240]=Oop [280]=Oop }
                      ;*invokevirtual equals {reexecute=0 rethrow=0 return_oop=0}
                      ; - org.springframework.beans.factory.support.AbstractBeanDefinition::isPrototype@7 (line 545)
                      ; - org.springframework.beans.factory.support.AbstractBeanFactory::doGetBean@452 (line 339)
  0x00000181fc027178: 647a 99ff 

  0x00000181fc02717c: ;   {other}
  0x00000181fc02717c: 0f1f 8400 | f40d 0014 | 83e0 0185 | c00f 844a | 0100 0048 | 8b94 24c0 | 0000 004c | 8b84 24f0 
  0x00000181fc02719c: 0000 0048 | 8bf2 488b 

  0x00000181fc0271a4: ;   {optimized virtual_call}
  0x00000181fc0271a4: d666 90e8 

  0x00000181fc0271a8: ; ImmutableOopMap {[192]=Oop [200]=Oop [216]=Oop [224]=Oop [240]=Oop [280]=Oop }
                      ;*invokevirtual beforePrototypeCreation {reexecute=0 rethrow=0 return_oop=0}
                      ; - org.springframework.beans.factory.support.AbstractBeanFactory::doGetBean@464 (line 343)
  0x00000181fc0271a8: 347a 99ff 

  0x00000181fc0271ac: ;   {other}
  0x00000181fc0271ac: 0f1f 8400 | 240e 0015 | 4c8b 8424 | f000 0000 | 4c8b 8c24 | 1801 0000 | 488b bc24 | c800 0000 
  0x00000181fc0271cc: 488b 9424 | c000 0000 

  0x00000181fc0271d4: ;   {optimized virtual_call}
  0x00000181fc0271d4: 6666 90e8 

  0x00000181fc0271d8: ; ImmutableOopMap {[192]=Oop [216]=Oop [224]=Oop [240]=Oop [280]=Oop }
                      ;*invokevirtual createBean {reexecute=0 rethrow=0 return_oop=0}
                      ; - org.springframework.beans.factory.support.AbstractBeanFactory::doGetBean@473 (line 344)
  0x00000181fc0271d8: 047a 99ff 

  0x00000181fc0271dc: ;   {other}
  0x00000181fc0271dc: 0f1f 8400 | 540e 0016 | 4c8b 8424 | f000 0000 | 488b 9424 | c000 0000 | 4889 8424 | 3001 0000 
  0x00000181fc0271fc: ;   {optimized virtual_call}
  0x00000181fc0271fc: 6666 90e8 

  0x00000181fc027200: ; ImmutableOopMap {[192]=Oop [216]=Oop [224]=Oop [240]=Oop [280]=Oop [304]=Oop }
                      ;*invokevirtual afterPrototypeCreation {reexecute=0 rethrow=0 return_oop=0}
                      ; - org.springframework.beans.factory.support.AbstractBeanFactory::doGetBean@481 (line 347)
  0x00000181fc027200: dc79 99ff 

  0x00000181fc027204: ;   {other}
  0x00000181fc027204: 0f1f 8400 | 7c0e 0017 | 488b 9424 | c000 0000 | 8bb2 9800 | 0000 483b | 064d 8b87 | 8803 0000 
  0x00000181fc027224: 4d8b 0048 | 8bd6 0f1f 

  0x00000181fc02722c: ;   {optimized virtual_call}
  0x00000181fc02722c: 4400 00e8 

  0x00000181fc027230: ; ImmutableOopMap {[192]=Oop [216]=Oop [224]=Oop [240]=Oop [280]=Oop [304]=Oop }
                      ;*invokevirtual get {reexecute=0 rethrow=0 return_oop=0}
                      ; - java.lang.ThreadLocal::get@4 (line 172)
                      ; - org.springframework.beans.factory.support.AbstractAutowireCapableBeanFactory::getObjectForBeanInstance@4 (line 1271)
                      ; - org.springframework.beans.factory.support.AbstractBeanFactory::doGetBean@506 (line 349)
  0x00000181fc027230: ac79 99ff 

  0x00000181fc027234: ;   {other}
  0x00000181fc027234: 0f1f 8400 | ac0e 0018 | 4885 c00f | 8429 0000 

  0x00000181fc027244: ;   {metadata('java/lang/String')}
  0x00000181fc027244: 0048 bed8 | 0d17 8481 | 0100 0044 | 8b40 0849 | ba00 0000 | 8481 0100 | 004d 03c2 | 493b f00f 
  0x00000181fc027264: 85bc 1400 | 00e9 0000 | 0000 4c8b | c84d 85c9 | 0f84 2200 | 0000 4c8b | 8424 f000 | 0000 488b 
  0x00000181fc027284: 9424 c000 | 0000 0f1f 

  0x00000181fc02728c: ;   {optimized virtual_call}
  0x00000181fc02728c: 4400 00e8 

  0x00000181fc027290: ; ImmutableOopMap {[192]=Oop [216]=Oop [224]=Oop [240]=Oop [280]=Oop [304]=Oop }
                      ;*invokevirtual registerDependentBean {reexecute=0 rethrow=0 return_oop=0}
                      ; - org.springframework.beans.factory.support.AbstractAutowireCapableBeanFactory::getObjectForBeanInstance@21 (line 1273)
                      ; - org.springframework.beans.factory.support.AbstractBeanFactory::doGetBean@506 (line 349)
  0x00000181fc027290: 4c79 99ff 

  0x00000181fc027294: ;   {other}
  0x00000181fc027294: 0f1f 8400 | 0c0f 0019 | 488b 8424 | 3001 0000 | 4c8b c04c | 8b8c 24e0 | 0000 0048 | 8bbc 24f0 
  0x00000181fc0272b4: 0000 0048 | 8bb4 2418 | 0100 0048 | 8b94 24c0 

  0x00000181fc0272c4: ;   {optimized virtual_call}
  0x00000181fc0272c4: 0000 00e8 

  0x00000181fc0272c8: ; ImmutableOopMap {[192]=Oop [216]=Oop [224]=Oop [240]=Oop }
                      ;*invokespecial getObjectForBeanInstance {reexecute=0 rethrow=0 return_oop=0}
                      ; - org.springframework.beans.factory.support.AbstractAutowireCapableBeanFactory::getObjectForBeanInstance@30 (line 1276)
                      ; - org.springframework.beans.factory.support.AbstractBeanFactory::doGetBean@506 (line 349)
  0x00000181fc0272c8: 1479 99ff 

  0x00000181fc0272cc: ;   {other}
  0x00000181fc0272cc: 0f1f 8400 | 440f 001a | e93b 0200 | 0048 8b84 | 2418 0100 | 008b 702c | 4885 f60f | 8433 0000 
  0x00000181fc0272ec: 0044 8b46 | 1445 8b40 | 0c45 85c0 | 41b8 0000 | 0000 7506 | 41b8 0100 | 0000 4183 | e001 4585 
  0x00000181fc02730c: c041 b800 | 0000 0075 | 0641 b801 | 0000 00e9 | 0600 0000 | 41b8 0000 | 0000 4183 | e001 4585 
  0x00000181fc02732c: c00f 8469 | 0a00 0048 | 8b94 24c0 | 0000 008b | 7a74 4c8b | c648 8bd7 | 4889 b424 | 3801 0000 
  0x00000181fc02734c: 9048 b840 | a970 ca81 

  0x00000181fc027354: ;   {virtual_call}
  0x00000181fc027354: 0100 00e8 

  0x00000181fc027358: ; ImmutableOopMap {[192]=Oop [200]=Oop [216]=Oop [224]=Oop [240]=Oop [280]=Oop [312]=Oop }
                      ;*invokeinterface get {reexecute=0 rethrow=0 return_oop=0}
                      ; - org.springframework.beans.factory.support.AbstractBeanFactory::doGetBean@550 (line 357)
  0x00000181fc027358: 847d 99ff 

  0x00000181fc02735c: ;   {other}
  0x00000181fc02735c: 0f1f 8400 | d40f 001b | 4885 c00f | 8449 0000 

  0x00000181fc02736c: ;   {metadata('org/springframework/beans/factory/config/Scope')}
  0x00000181fc02736c: 0049 b910 | eb16 8581 | 0100 0044 | 8b40 0849 | ba00 0000 | 8481 0100 | 004d 03c2 | 4d3b 4820 
  0x00000181fc02738c: 0f84 2400 | 0000 4d3b | c10f 841b | 0000 0041 

  0x00000181fc02739c: ;   {runtime_call slow_subtype_check Runtime1 stub}
  0x00000181fc02739c: 5041 51e8 | 1cdc a5ff | 4158 4158 | 4585 c00f | 8487 1300 | 00e9 0000 | 0000 488b | d848 85db 
  0x00000181fc0273bc: 0f84 2209 | 0000 4889 | 9c24 4001 | 0000 488b | 9424 c000 | 0000 660f | 1f44 0000 

  0x00000181fc0273d8: ;   {no_reloc}
  0x00000181fc0273d8: e973 1300 | 0090 9090 | 9090 488b | c248 8bd0 | 4c8b 8424 | f000 0000 | 4c8b 8c24 | 1801 0000 
  0x00000181fc0273f8: 488b bc24 | c800 0000 | 0f1f 8000 

  0x00000181fc027404: ;   {static_call}
  0x00000181fc027404: 0000 00e8 

  0x00000181fc027408: ; ImmutableOopMap {[192]=Oop [216]=Oop [224]=Oop [240]=Oop [280]=Oop [312]=Oop [320]=Oop }
                      ;*invokedynamic {reexecute=0 rethrow=0 return_oop=0}
                      ; - org.springframework.beans.factory.support.AbstractBeanFactory::doGetBean@590 (line 362)
  0x00000181fc027408: d481 99ff 

  0x00000181fc02740c: ;   {other}
  0x00000181fc02740c: 0f1f 8400 | 8410 001c | 4c8b 8424 | f000 0000 | 4c8b c848 | 8b94 2440 | 0100 0066 | 0f1f 4400 
  0x00000181fc02742c: 0048 b868 | a970 ca81 

  0x00000181fc027434: ;   {virtual_call}
  0x00000181fc027434: 0100 00e8 

  0x00000181fc027438: ; ImmutableOopMap {[192]=Oop [216]=Oop [224]=Oop [240]=Oop [280]=Oop [312]=Oop }
                      ;*invokeinterface get {reexecute=0 rethrow=0 return_oop=0}
                      ; - org.springframework.beans.factory.support.AbstractBeanFactory::doGetBean@595 (line 362)
  0x00000181fc027438: a47c 99ff 

  0x00000181fc02743c: ;   {other}
  0x00000181fc02743c: 0f1f 8400 | b410 001d | 488b 9424 | c000 0000 | 8bb2 9800 | 0000 483b | 064d 8b87 | 8803 0000 
  0x00000181fc02745c: 4d8b 0048 | 8bd6 4889 | 8424 4801 | 0000 0f1f 

  0x00000181fc02746c: ;   {optimized virtual_call}
  0x00000181fc02746c: 4400 00e8 

  0x00000181fc027470: ; ImmutableOopMap {[192]=Oop [216]=Oop [224]=Oop [240]=Oop [280]=Oop [312]=Oop [328]=Oop }
                      ;*invokevirtual get {reexecute=0 rethrow=0 return_oop=0}
                      ; - java.lang.ThreadLocal::get@4 (line 172)
                      ; - org.springframework.beans.factory.support.AbstractAutowireCapableBeanFactory::getObjectForBeanInstance@4 (line 1271)
                      ; - org.springframework.beans.factory.support.AbstractBeanFactory::doGetBean@610 (line 371)
  0x00000181fc027470: 6c77 99ff 

  0x00000181fc027474: ;   {other}
  0x00000181fc027474: 0f1f 8400 | ec10 001e | 4885 c00f | 8429 0000 

  0x00000181fc027484: ;   {metadata('java/lang/String')}
  0x00000181fc027484: 0048 bed8 | 0d17 8481 | 0100 0044 | 8b40 0849 | ba00 0000 | 8481 0100 | 004d 03c2 | 493b f00f 
  0x00000181fc0274a4: 85b6 1200 | 00e9 0000 | 0000 4c8b | c84d 85c9 | 0f84 2200 | 0000 4c8b | 8424 f000 | 0000 488b 
  0x00000181fc0274c4: 9424 c000 | 0000 0f1f 

  0x00000181fc0274cc: ;   {optimized virtual_call}
  0x00000181fc0274cc: 4400 00e8 

  0x00000181fc0274d0: ; ImmutableOopMap {[192]=Oop [216]=Oop [224]=Oop [240]=Oop [280]=Oop [312]=Oop [328]=Oop }
                      ;*invokevirtual registerDependentBean {reexecute=0 rethrow=0 return_oop=0}
                      ; - org.springframework.beans.factory.support.AbstractAutowireCapableBeanFactory::getObjectForBeanInstance@21 (line 1273)
                      ; - org.springframework.beans.factory.support.AbstractBeanFactory::doGetBean@610 (line 371)
  0x00000181fc0274d0: 0c77 99ff 

  0x00000181fc0274d4: ;   {other}
  0x00000181fc0274d4: 0f1f 8400 | 4c11 001f | 488b 8424 | 4801 0000 | 4c8b c04c | 8b8c 24e0 | 0000 0048 | 8bbc 24f0 
  0x00000181fc0274f4: 0000 0048 | 8bb4 2418 | 0100 0048 | 8b94 24c0 

  0x00000181fc027504: ;   {optimized virtual_call}
  0x00000181fc027504: 0000 00e8 

  0x00000181fc027508: ; ImmutableOopMap {[192]=Oop [216]=Oop [224]=Oop [240]=Oop [312]=Oop }
                      ;*invokespecial getObjectForBeanInstance {reexecute=0 rethrow=0 return_oop=0}
                      ; - org.springframework.beans.factory.support.AbstractAutowireCapableBeanFactory::getObjectForBeanInstance@30 (line 1276)
                      ; - org.springframework.beans.factory.support.AbstractBeanFactory::doGetBean@610 (line 371)
  0x00000181fc027508: d476 99ff 

  0x00000181fc02750c: ;   {other}
  0x00000181fc02750c: 0f1f 8400 | 8411 0020 | 488b 9424 | c000 0000 | 440f be42 | 1541 83e0 | 0145 85c0 | 0f85 2606 
  0x00000181fc02752c: 0000 4889 | 8424 5001 | 0000 8b72 | 7c4c 8b84 | 24f0 0000 | 0048 8bd6 | 9048 b890 | a970 ca81 
  0x00000181fc02754c: ;   {virtual_call}
  0x00000181fc02754c: 0100 00e8 

  0x00000181fc027550: ; ImmutableOopMap {[192]=Oop [216]=Oop [224]=Oop [240]=Oop [336]=Oop }
                      ;*invokeinterface get {reexecute=0 rethrow=0 return_oop=0}
                      ; - org.springframework.beans.factory.support.AbstractBeanFactory::clearMergedBeanDefinition@5 (line 1466)
                      ; - org.springframework.beans.factory.support.DefaultListableBeanFactory::clearMergedBeanDefinition@2 (line 910)
                      ; - org.springframework.beans.factory.support.AbstractBeanFactory::doGetBean@651 (line 387)
  0x00000181fc027550: 8c7b 99ff 

  0x00000181fc027554: ;   {other}
  0x00000181fc027554: 0f1f 8400 | cc11 0021 | 4885 c00f | 8429 0000 

  0x00000181fc027564: ;   {metadata('org/springframework/beans/factory/support/RootBeanDefinition')}
  0x00000181fc027564: 0048 bae0 | b217 8581 | 0100 008b | 7808 49ba | 0000 0084 | 8101 0000 | 4903 fa48 | 3b57 500f 
  0x00000181fc027584: 85df 1100 | 00e9 0000 | 0000 488b | d048 85d2 | 0f84 8005 | 0000 be01 | 0000 0040 | 8872 64f0 
  0x00000181fc0275a4: 8344 24c0 | 00e9 6c05 | 0000 488b | 8424 1801 

  0x00000181fc0275b4: ;   {metadata('org/springframework/beans/factory/BeanCreationException')}
  0x00000181fc0275b4: 0000 48ba | d85d 1785 | 8101 0000 | 488b d880 | ba31 0100 | 0004 0f85 | ab11 0000 | 498b 87b8 
  0x00000181fc0275d4: 0100 0048 | 8d78 3049 | 3bbf c801 | 0000 0f87 | 9311 0000 | 4989 bfb8 | 0100 0048 | c700 0100 
  0x00000181fc0275f4: 0000 488b | ca49 ba00 | 0000 8481 | 0100 0049 | 2bca 8948 | 0848 33c9 | 8948 0c48 | 33c9 4889 
  0x00000181fc027614: 4810 4889 | 4818 4889 | 4820 4889 | 4828 4889 | 8424 9001 | 0000 8b73 | 6048 85f6 | 0f84 2b06 
  0x00000181fc027634: 0000 e901 | 0600 004c | 8b84 24e0 | 0000 0049 

  0x00000181fc027644: ;   {static_call}
  0x00000181fc027644: 8bd0 90e8 

  0x00000181fc027648: ; ImmutableOopMap {[192]=Oop [200]=Oop [216]=Oop [224]=Oop [248]=Oop }
                      ;*invokestatic transformedBeanName {reexecute=0 rethrow=0 return_oop=0}
                      ; - org.springframework.beans.factory.support.AbstractBeanFactory::transformedBeanName@2 (line 1235)
                      ; - org.springframework.beans.factory.support.AbstractBeanFactory::originalBeanName@2 (line 1244)
                      ; - org.springframework.beans.factory.support.AbstractBeanFactory::doGetBean@136 (line 273)
  0x00000181fc027648: 947f 99ff 

  0x00000181fc02764c: ;   {other}
  0x00000181fc02764c: 0f1f 8400 | c412 0022 | 4c8b c048 | 8b94 24c0 

  0x00000181fc02765c: ;   {optimized virtual_call}
  0x00000181fc02765c: 0000 00e8 

  0x00000181fc027660: ; ImmutableOopMap {[200]=Oop [216]=Oop [224]=Oop [248]=Oop }
                      ;*invokevirtual canonicalName {reexecute=0 rethrow=0 return_oop=0}
                      ; - org.springframework.beans.factory.support.AbstractBeanFactory::transformedBeanName@5 (line 1235)
                      ; - org.springframework.beans.factory.support.AbstractBeanFactory::originalBeanName@2 (line 1244)
                      ; - org.springframework.beans.factory.support.AbstractBeanFactory::doGetBean@136 (line 273)
  0x00000181fc027660: 7c75 99ff 

  0x00000181fc027664: ;   {other}
  0x00000181fc027664: 0f1f 8400 | dc12 0023 | 4c8b 8424 | e000 0000 

  0x00000181fc027674: ; implicit exception: dispatches to 0x00000181fc028788
  0x00000181fc027674: 493b 0049 

  0x00000181fc027678: ;   {oop("&"{0x0000000083d3da78})}
  0x00000181fc027678: 8bf0 49b8 | 78da d383 | 0000 0000 | 41b9 0000 | 0000 488b | d648 8984 | 2458 0100 

  0x00000181fc027694: ;   {optimized virtual_call}
  0x00000181fc027694: 0066 90e8 

  0x00000181fc027698: ; ImmutableOopMap {[200]=Oop [216]=Oop [248]=Oop [344]=Oop }
                      ;*invokevirtual startsWith {reexecute=0 rethrow=0 return_oop=0}
                      ; - java.lang.String::startsWith@3 (line 2416)
                      ; - org.springframework.beans.factory.support.AbstractBeanFactory::originalBeanName@10 (line 1245)
                      ; - org.springframework.beans.factory.support.AbstractBeanFactory::doGetBean@136 (line 273)
  0x00000181fc027698: 4475 99ff 

  0x00000181fc02769c: ;   {other}
  0x00000181fc02769c: 0f1f 8400 | 1413 0024 | 83e0 0185 | c048 8b84 | 2458 0100 | 000f 841d | 0000 0090 

  0x00000181fc0276b8: ;   {no_reloc}
  0x00000181fc0276b8: e9df 1000 | 0090 9090 | 9090 488b 

  0x00000181fc0276c4: ;   {static_call}
  0x00000181fc0276c4: d066 90e8 

  0x00000181fc0276c8: ; ImmutableOopMap {[200]=Oop [216]=Oop [248]=Oop }
                      ;*invokedynamic {reexecute=0 rethrow=0 return_oop=0}
                      ; - org.springframework.beans.factory.support.AbstractBeanFactory::originalBeanName@17 (line 1246)
                      ; - org.springframework.beans.factory.support.AbstractBeanFactory::doGetBean@136 (line 273)
  0x00000181fc0276c8: 147f 99ff 

  0x00000181fc0276cc: ;   {other}
  0x00000181fc0276cc: 0f1f 8400 | 4413 0025 | 488b b424 | f800 0000 | 4885 f60f | 8429 0000 

  0x00000181fc0276e4: ;   {metadata('org/springframework/beans/factory/support/AbstractBeanFactory')}
  0x00000181fc0276e4: 0048 b9a0 | 3a17 8581 | 0100 008b | 5e08 49ba | 0000 0084 | 8101 0000 | 4903 da48 | 3b4b 500f 
  0x00000181fc027704: 8505 0000 | 00e9 0500 | 0000 4833 | d2eb 05ba | 0100 0000 | 85d2 488b | bc24 c800 | 0000 0f85 
  0x00000181fc027724: 8203 0000 | 4885 ff0f | 8541 0300 | 004c 8b8c | 24d8 0000 | 004d 85c9 | 4c8b c00f | 84fd 0200 
  0x00000181fc027744: 00e9 bf02 | 0000 4889 | 8424 6001 | 0000 488b | 9424 c000 | 0000 8b72 | 0c48 8bd6 | 0f1f 4400 
  0x00000181fc027764: 0048 b8b8 | a970 ca81 

  0x00000181fc02776c: ;   {virtual_call}
  0x00000181fc02776c: 0100 00e8 

  0x00000181fc027770: ; ImmutableOopMap {[192]=Oop [216]=Oop [224]=Oop [240]=Oop [352]=Oop }
                      ;*invokeinterface isTraceEnabled {reexecute=0 rethrow=0 return_oop=0}
                      ; - org.springframework.beans.factory.support.AbstractBeanFactory::doGetBean@28 (line 250)
  0x00000181fc027770: be45 e2ff 

  0x00000181fc027774: ;   {other}
  0x00000181fc027774: 0f1f 8400 | ec13 0026 | 85c0 0f84 | 0001 0000 | 488b 9424 | c000 0000 | 8b72 284c | 8b84 24f0 
  0x00000181fc027794: 0000 0048 | 8bd6 6666 | 9048 b8e0 | a970 ca81 

  0x00000181fc0277a4: ;   {virtual_call}
  0x00000181fc0277a4: 0100 00e8 

  0x00000181fc0277a8: ; ImmutableOopMap {[192]=Oop [216]=Oop [224]=Oop [240]=Oop [352]=Oop }
                      ;*invokeinterface contains {reexecute=0 rethrow=0 return_oop=0}
                      ; - org.springframework.beans.factory.support.DefaultSingletonBeanRegistry::isSingletonCurrentlyInCreation@5 (line 344)
                      ; - org.springframework.beans.factory.support.AbstractBeanFactory::doGetBean@39 (line 251)
  0x00000181fc0277a8: 3479 99ff 

  0x00000181fc0277ac: ;   {other}
  0x00000181fc0277ac: 0f1f 8400 | 2414 0027 | 83e0 0185 | c048 8b94 | 24c0 0000 | 000f 8462 | 0000 008b | 720c 660f 
  0x00000181fc0277cc: 1f44 0000 

  0x00000181fc0277d0: ;   {no_reloc}
  0x00000181fc0277d0: e9e0 0f00 | 0090 9090 | 9090 488b | 9424 f000 | 0000 4889 | b424 6801 | 0000 0f1f 

  0x00000181fc0277ec: ;   {static_call}
  0x00000181fc0277ec: 4400 00e8 

  0x00000181fc0277f0: ; ImmutableOopMap {[192]=Oop [216]=Oop [224]=Oop [240]=Oop [352]=Oop [360]=Oop }
                      ;*invokedynamic {reexecute=0 rethrow=0 return_oop=0}
                      ; - org.springframework.beans.factory.support.AbstractBeanFactory::doGetBean@51 (line 252)
  0x00000181fc0277f0: ec7d 99ff 

  0x00000181fc0277f4: ;   {other}
  0x00000181fc0277f4: 0f1f 8400 | 6c14 0028 | 4c8b c048 | 8b94 2468 | 0100 0066 | 0f1f 4400 | 0048 b808 | aa70 ca81 
  0x00000181fc027814: ;   {virtual_call}
  0x00000181fc027814: 0100 00e8 

  0x00000181fc027818: ; ImmutableOopMap {[192]=Oop [216]=Oop [224]=Oop [240]=Oop [352]=Oop }
                      ;*invokeinterface trace {reexecute=0 rethrow=0 return_oop=0}
                      ; - org.springframework.beans.factory.support.AbstractBeanFactory::doGetBean@56 (line 252)
  0x00000181fc027818: c478 99ff 

  0x00000181fc02781c: ;   {other}
  0x00000181fc02781c: 0f1f 8400 | 9414 0029 | e95b 0000 | 008b 720c | 0f1f 4000 

  0x00000181fc027830: ;   {no_reloc}
  0x00000181fc027830: e999 0f00 | 0090 9090 | 9090 488b | 9424 f000 | 0000 4889 | b424 7001 | 0000 0f1f 

  0x00000181fc02784c: ;   {static_call}
  0x00000181fc02784c: 4400 00e8 

  0x00000181fc027850: ; ImmutableOopMap {[192]=Oop [216]=Oop [224]=Oop [240]=Oop [352]=Oop [368]=Oop }
                      ;*invokedynamic {reexecute=0 rethrow=0 return_oop=0}
                      ; - org.springframework.beans.factory.support.AbstractBeanFactory::doGetBean@70 (line 256)
  0x00000181fc027850: 8c7d 99ff 

  0x00000181fc027854: ;   {other}
  0x00000181fc027854: 0f1f 8400 | cc14 002a | 4c8b c048 | 8b94 2470 | 0100 0066 | 0f1f 4400 | 0048 b830 | aa70 ca81 
  0x00000181fc027874: ;   {virtual_call}
  0x00000181fc027874: 0100 00e8 

  0x00000181fc027878: ; ImmutableOopMap {[192]=Oop [216]=Oop [224]=Oop [240]=Oop [352]=Oop }
                      ;*invokeinterface trace {reexecute=0 rethrow=0 return_oop=0}
                      ; - org.springframework.beans.factory.support.AbstractBeanFactory::doGetBean@75 (line 256)
  0x00000181fc027878: 6478 99ff 

  0x00000181fc02787c: ;   {other}
  0x00000181fc02787c: 0f1f 8400 | f414 002b | 488b 9424 | c000 0000 | 8bb2 9800 | 0000 483b | 064d 8b87 | 8803 0000 
  0x00000181fc02789c: 4d8b 0048 | 8bd6 0f1f 

  0x00000181fc0278a4: ;   {optimized virtual_call}
  0x00000181fc0278a4: 4400 00e8 

  0x00000181fc0278a8: ; ImmutableOopMap {[192]=Oop [216]=Oop [224]=Oop [240]=Oop [352]=Oop }
                      ;*invokevirtual get {reexecute=0 rethrow=0 return_oop=0}
                      ; - java.lang.ThreadLocal::get@4 (line 172)
                      ; - org.springframework.beans.factory.support.AbstractAutowireCapableBeanFactory::getObjectForBeanInstance@4 (line 1271)
                      ; - org.springframework.beans.factory.support.AbstractBeanFactory::doGetBean@87 (line 259)
  0x00000181fc0278a8: 34a3 eeff 

  0x00000181fc0278ac: ;   {other}
  0x00000181fc0278ac: 0f1f 8400 | 2415 002c | 4885 c00f | 8429 0000 

  0x00000181fc0278bc: ;   {metadata('java/lang/String')}
  0x00000181fc0278bc: 0048 bed8 | 0d17 8481 | 0100 0044 | 8b40 0849 | ba00 0000 | 8481 0100 | 004d 03c2 | 493b f00f 
  0x00000181fc0278dc: 85fc 0e00 | 00e9 0000 | 0000 4c8b | c84d 85c9 | 0f84 d400 | 0000 4c8b | 8424 f000 | 0000 488b 
  0x00000181fc0278fc: 9424 c000 | 0000 0f1f 

  0x00000181fc027904: ;   {optimized virtual_call}
  0x00000181fc027904: 4400 00e8 

  0x00000181fc027908: ; ImmutableOopMap {[192]=Oop [216]=Oop [224]=Oop [240]=Oop [352]=Oop }
                      ;*invokevirtual registerDependentBean {reexecute=0 rethrow=0 return_oop=0}
                      ; - org.springframework.beans.factory.support.AbstractAutowireCapableBeanFactory::getObjectForBeanInstance@21 (line 1273)
                      ; - org.springframework.beans.factory.support.AbstractBeanFactory::doGetBean@87 (line 259)
  0x00000181fc027908: d472 99ff 

  0x00000181fc02790c: ;   {other}
  0x00000181fc02790c: 0f1f 8400 | 8415 002d | e9ad 0000 | 0048 8b9c | 2418 0100 | 0049 8b87 | 0005 0000 | 4d33 d24d 
  0x00000181fc02792c: 8997 0005 | 0000 4d33 | d24d 8997 | 0805 0000 | 4889 8424 | 7801 0000 

  0x00000181fc027944: ;   {metadata('org/springframework/beans/factory/BeanCreationException')}
  0x00000181fc027944: 48ba d85d | 1785 8101 | 0000 80ba | 3101 0000 | 040f 8590 | 0e00 0049 | 8b87 b801 | 0000 488d 
  0x00000181fc027964: 7830 493b | bfc8 0100 | 000f 8778 | 0e00 0049 | 89bf b801 | 0000 48c7 | 0001 0000 | 0048 8bca 
  0x00000181fc027984: 49ba 0000 | 0084 8101 | 0000 492b | ca89 4808 | 4833 c989 | 480c 4833 | c948 8948 | 1048 8948 
  0x00000181fc0279a4: 1848 8948 | 2048 8948 | 2848 8984 | 2480 0100 | 008b 7360 | 4885 f60f | 84f0 0100 | 00e9 cc01 
  0x00000181fc0279c4: 0000 488b | 8424 6001 | 0000 4c8b | c04c 8b8c | 24e0 0000 | 0048 8bbc | 24f0 0000 

  0x00000181fc0279e0: ;   {oop(nullptr)}
  0x00000181fc0279e0: 0048 be00 | 0000 0000 | 0000 0048 | 8b94 24c0 | 0000 000f 

  0x00000181fc0279f4: ;   {optimized virtual_call}
  0x00000181fc0279f4: 1f40 00e8 

  0x00000181fc0279f8: ; ImmutableOopMap {[192]=Oop [216]=Oop [224]=Oop }
                      ;*invokespecial getObjectForBeanInstance {reexecute=0 rethrow=0 return_oop=0}
                      ; - org.springframework.beans.factory.support.AbstractAutowireCapableBeanFactory::getObjectForBeanInstance@30 (line 1276)
                      ; - org.springframework.beans.factory.support.AbstractBeanFactory::doGetBean@87 (line 259)
  0x00000181fc0279f8: 64ad ffff 

  0x00000181fc0279fc: ;   {other}
  0x00000181fc0279fc: 0f1f 8400 | 7416 002e | e94b 0100 | 004c 8b8c | 24d8 0000 | 0048 8bd6 | 9048 b858 | aa70 ca81 
  0x00000181fc027a1c: ;   {virtual_call}
  0x00000181fc027a1c: 0100 00e8 

  0x00000181fc027a20: ; ImmutableOopMap {}
                      ;*invokeinterface getBean {reexecute=0 rethrow=0 return_oop=0}
                      ; - org.springframework.beans.factory.support.AbstractBeanFactory::doGetBean@192 (line 283)
  0x00000181fc027a20: bc76 99ff 

  0x00000181fc027a24: ;   {other}
  0x00000181fc027a24: 0f1f 8400 | 9c16 002f | 4881 c410 | 0200 005d 

  0x00000181fc027a34: ;   {poll_return}
  0x00000181fc027a34: 493b a748 | 0400 000f | 87b7 0d00 | 00c3 488b | d648 b880 | aa70 ca81 

  0x00000181fc027a4c: ;   {virtual_call}
  0x00000181fc027a4c: 0100 00e8 

  0x00000181fc027a50: ; ImmutableOopMap {}
                      ;*invokeinterface getBean {reexecute=0 rethrow=0 return_oop=0}
                      ; - org.springframework.beans.factory.support.AbstractBeanFactory::doGetBean@202 (line 286)
  0x00000181fc027a50: 8c76 99ff 

  0x00000181fc027a54: ;   {other}
  0x00000181fc027a54: 0f1f 8400 | cc16 0030 | 4881 c410 | 0200 005d 

  0x00000181fc027a64: ;   {poll_return}
  0x00000181fc027a64: 493b a748 | 0400 000f | 879d 0d00 | 00c3 4c8b | c04c 8bcf | 488b d666 | 9048 b8a8 | aa70 ca81 
  0x00000181fc027a84: ;   {virtual_call}
  0x00000181fc027a84: 0100 00e8 

  0x00000181fc027a88: ; ImmutableOopMap {}
                      ;*invokeinterface getBean {reexecute=0 rethrow=0 return_oop=0}
                      ; - org.springframework.beans.factory.support.AbstractBeanFactory::doGetBean@177 (line 279)
  0x00000181fc027a88: 5476 99ff 

  0x00000181fc027a8c: ;   {other}
  0x00000181fc027a8c: 0f1f 8400 | 0417 0031 | 4881 c410 | 0200 005d 

  0x00000181fc027a9c: ;   {poll_return}
  0x00000181fc027a9c: 493b a748 | 0400 000f | 877b 0d00 | 00c3 4885 | f60f 842a 

  0x00000181fc027ab0: ;   {metadata('org/springframework/beans/factory/support/AbstractBeanFactory')}
  0x00000181fc027ab0: 0000 0048 | baa0 3a17 | 8581 0100 | 0044 8b4e | 0849 ba00 | 0000 8481 | 0100 004d | 03ca 493b 
  0x00000181fc027ad0: 5150 0f85 | 620d 0000 | e900 0000 | 0048 8bd6 

  0x00000181fc027ae0: ; implicit exception: dispatches to 0x00000181fc028843
  0x00000181fc027ae0: 483b 024c | 8bc0 4c8b | 8c24 d800 | 0000 8bb4 | 24d0 0000 

  0x00000181fc027af4: ;   {optimized virtual_call}
  0x00000181fc027af4: 0066 90e8 

  0x00000181fc027af8: ; ImmutableOopMap {}
                      ;*invokevirtual doGetBean {reexecute=0 rethrow=0 return_oop=0}
                      ; - org.springframework.beans.factory.support.AbstractBeanFactory::doGetBean@164 (line 275)
  0x00000181fc027af8: e470 99ff 

  0x00000181fc027afc: ;   {other}
  0x00000181fc027afc: 0f1f 8400 | 7417 0032 | 4881 c410 | 0200 005d 

  0x00000181fc027b0c: ;   {poll_return}
  0x00000181fc027b0c: 493b a748 | 0400 000f | 872f 0d00 | 00c3 488b | 9424 c000 | 0000 8bb2 | c000 0000 | 4c8b 8424 
  0x00000181fc027b2c: f000 0000 | 488b d666 | 9048 b8d0 | aa70 ca81 

  0x00000181fc027b3c: ;   {virtual_call}
  0x00000181fc027b3c: 0100 00e8 

  0x00000181fc027b40: ; ImmutableOopMap {[192]=Oop [216]=Oop [224]=Oop [336]=Oop }
                      ;*invokeinterface remove {reexecute=0 rethrow=0 return_oop=0}
                      ; - org.springframework.beans.factory.support.DefaultListableBeanFactory::clearMergedBeanDefinition@10 (line 911)
                      ; - org.springframework.beans.factory.support.AbstractBeanFactory::doGetBean@651 (line 387)
  0x00000181fc027b40: 9c75 99ff 

  0x00000181fc027b44: ;   {other}
  0x00000181fc027b44: 0f1f 8400 | bc17 0033 | 488b 8424 | 5001 0000 | 4c8b 8424 | e000 0000 | 4c8b c848 | 8bbc 24d8 
  0x00000181fc027b64: 0000 0048 | 8b94 24c0 

  0x00000181fc027b6c: ;   {optimized virtual_call}
  0x00000181fc027b6c: 0000 00e8 

  0x00000181fc027b70: ; ImmutableOopMap {}
                      ;*invokevirtual adaptBeanInstance {reexecute=0 rethrow=0 return_oop=0}
                      ; - org.springframework.beans.factory.support.AbstractBeanFactory::doGetBean@736 (line 392)
  0x00000181fc027b70: 0cb6 ffff 

  0x00000181fc027b74: ;   {other}
  0x00000181fc027b74: 0f1f 8400 | ec17 0034 | 4881 c410 | 0200 005d 

  0x00000181fc027b84: ;   {poll_return}
  0x00000181fc027b84: 493b a748 | 0400 000f | 87cd 0c00 | 00c3 488b | d648 b8f8 | aa70 ca81 

  0x00000181fc027b9c: ;   {virtual_call}
  0x00000181fc027b9c: 0100 00e8 

  0x00000181fc027ba0: ; ImmutableOopMap {[192]=Oop [240]=Oop [256]=Oop [376]=Oop [384]=Oop }
                      ;*invokeinterface getDescription {reexecute=0 rethrow=0 return_oop=0}
                      ; - org.springframework.beans.factory.support.AbstractBeanDefinition::getResourceDescription@11 (line 1152)
                      ; - org.springframework.beans.factory.support.AbstractBeanFactory::doGetBean@381 (line 316)
  0x00000181fc027ba0: 3c75 99ff 

  0x00000181fc027ba4: ;   {other}
  0x00000181fc027ba4: 0f1f 8400 | 1c18 0035 | e90a 0000 

  0x00000181fc027bb0: ;   {oop(nullptr)}
  0x00000181fc027bb0: 0048 b800 | 0000 0000 | 0000 0048 | 8984 2488 | 0100 000f | 1f44 0000 

  0x00000181fc027bc8: ;   {no_reloc}
  0x00000181fc027bc8: e9b6 0c00 | 0090 9090 | 9090 488b | 9424 f000 | 0000 4c8b | 8424 0001 | 0000 0f1f 

  0x00000181fc027be4: ;   {static_call}
  0x00000181fc027be4: 4400 00e8 

  0x00000181fc027be8: ; ImmutableOopMap {[192]=Oop [240]=Oop [376]=Oop [384]=Oop [392]=Oop }
                      ;*invokedynamic {reexecute=0 rethrow=0 return_oop=0}
                      ; - org.springframework.beans.factory.support.AbstractBeanFactory::doGetBean@390 (line 316)
  0x00000181fc027be8: f479 99ff 

  0x00000181fc027bec: ;   {other}
  0x00000181fc027bec: 0f1f 8400 | 6418 0036 | 4c8b 8424 | 8801 0000 | 4c8b 8c24 | f000 0000 | 488b f848 | 8bb4 2478 
  0x00000181fc027c0c: 0100 0048 | 8b94 2480 

  0x00000181fc027c14: ;   {optimized virtual_call}
  0x00000181fc027c14: 0100 00e8 

  0x00000181fc027c18: ; ImmutableOopMap {[192]=Oop [240]=Oop [384]=Oop }
                      ;*invokespecial <init> {reexecute=0 rethrow=0 return_oop=0}
                      ; - org.springframework.beans.factory.support.AbstractBeanFactory::doGetBean@397 (line 316)
  0x00000181fc027c18: c46f 99ff 

  0x00000181fc027c1c: ;   {other}
  0x00000181fc027c1c: 0f1f 8400 | 9418 0037 | 488b 8424 

  0x00000181fc027c28: ; ImmutableOopMap {rax=Oop [192]=Oop [240]=Oop }
                      ;*athrow {reexecute=1 rethrow=0 return_oop=0}
                      ; - (reexecute) org.springframework.beans.factory.support.AbstractBeanFactory::doGetBean@400 (line 316)
  0x00000181fc027c28: 8001 0000 

  0x00000181fc027c2c: ;   {section_word}
  0x00000181fc027c2c: 48ba 2c7c | 02fc 8101 

  0x00000181fc027c34: ;   {runtime_call handle_exception_nofpu Runtime1 stub}
  0x00000181fc027c34: 0000 e825 | c1a5 ff90 | 488b d666 | 0f1f 4400 | 0048 b820 | ab70 ca81 

  0x00000181fc027c4c: ;   {virtual_call}
  0x00000181fc027c4c: 0100 00e8 

  0x00000181fc027c50: ; ImmutableOopMap {[192]=Oop [240]=Oop [256]=Oop [400]=Oop }
                      ;*invokeinterface getDescription {reexecute=0 rethrow=0 return_oop=0}
                      ; - org.springframework.beans.factory.support.AbstractBeanDefinition::getResourceDescription@11 (line 1152)
                      ; - org.springframework.beans.factory.support.AbstractBeanFactory::doGetBean@337 (line 308)
  0x00000181fc027c50: 8c74 99ff 

  0x00000181fc027c54: ;   {other}
  0x00000181fc027c54: 0f1f 8400 | cc18 0039 | e90a 0000 

  0x00000181fc027c60: ;   {oop(nullptr)}
  0x00000181fc027c60: 0048 b800 | 0000 0000 | 0000 0048 | 8984 2498 | 0100 000f | 1f44 0000 

  0x00000181fc027c78: ;   {no_reloc}
  0x00000181fc027c78: e91f 0c00 | 0090 9090 | 9090 488b | 9424 f000 | 0000 4c8b | 8424 0001 | 0000 0f1f 

  0x00000181fc027c94: ;   {static_call}
  0x00000181fc027c94: 4400 00e8 

  0x00000181fc027c98: ; ImmutableOopMap {[192]=Oop [240]=Oop [400]=Oop [408]=Oop }
                      ;*invokedynamic {reexecute=0 rethrow=0 return_oop=0}
                      ; - org.springframework.beans.factory.support.AbstractBeanFactory::doGetBean@346 (line 308)
  0x00000181fc027c98: 4479 99ff 

  0x00000181fc027c9c: ;   {other}
  0x00000181fc027c9c: 0f1f 8400 | 1419 003a | 4c8b 8424 | 9801 0000 | 4c8b 8c24 | f000 0000 | 488b f848 | 8b94 2490 
  0x00000181fc027cbc: ;   {optimized virtual_call}
  0x00000181fc027cbc: 0100 00e8 

  0x00000181fc027cc0: ; ImmutableOopMap {[192]=Oop [240]=Oop [400]=Oop }
                      ;*invokespecial <init> {reexecute=0 rethrow=0 return_oop=0}
                      ; - org.springframework.beans.factory.support.AbstractBeanFactory::doGetBean@351 (line 308)
  0x00000181fc027cc0: 1c6f 99ff 

  0x00000181fc027cc4: ;   {other}
  0x00000181fc027cc4: 0f1f 8400 | 3c19 003b | 488b 8424 

  0x00000181fc027cd0: ; ImmutableOopMap {rax=Oop [192]=Oop [240]=Oop }
                      ;*athrow {reexecute=1 rethrow=0 return_oop=0}
                      ; - (reexecute) org.springframework.beans.factory.support.AbstractBeanFactory::doGetBean@354 (line 308)
  0x00000181fc027cd0: 9001 0000 

  0x00000181fc027cd4: ;   {section_word}
  0x00000181fc027cd4: 48ba d47c | 02fc 8101 

  0x00000181fc027cdc: ;   {runtime_call handle_exception_nofpu Runtime1 stub}
  0x00000181fc027cdc: 0000 e87d | c0a5 ff90 

  0x00000181fc027ce4: ;   {metadata('java/lang/IllegalStateException')}
  0x00000181fc027ce4: 48ba 7039 | 0485 8101 | 0000 498b | 87b8 0100 | 0048 8d78 | 2849 3bbf | c801 0000 | 0f87 a00b 
  0x00000181fc027d04: 0000 4989 | bfb8 0100 | 0048 c700 | 0100 0000 | 488b ca49 | ba00 0000 | 8481 0100 | 0049 2bca 
  0x00000181fc027d24: 8948 0848 | 33c9 8948 | 0c48 33c9 | 4889 4810 | 4889 4818 | 4889 4820 | 0f1f 4000 

  0x00000181fc027d40: ;   {no_reloc}
  0x00000181fc027d40: e97d 0b00 | 0090 9090 | 9090 488b | 9424 3801 | 0000 4889 | 8424 a001 | 0000 0f1f 

  0x00000181fc027d5c: ;   {static_call}
  0x00000181fc027d5c: 4400 00e8 

  0x00000181fc027d60: ; ImmutableOopMap {[192]=Oop [240]=Oop [416]=Oop }
                      ;*invokedynamic {reexecute=0 rethrow=0 return_oop=0}
                      ; - org.springframework.beans.factory.support.AbstractBeanFactory::doGetBean@571 (line 359)
  0x00000181fc027d60: 7c78 99ff 

  0x00000181fc027d64: ;   {other}
  0x00000181fc027d64: 0f1f 8400 | dc19 003d | 4c8b c048 | 8b94 24a0 

  0x00000181fc027d74: ;   {optimized virtual_call}
  0x00000181fc027d74: 0100 00e8 

  0x00000181fc027d78: ; ImmutableOopMap {[192]=Oop [240]=Oop [416]=Oop }
                      ;*invokespecial <init> {reexecute=0 rethrow=0 return_oop=0}
                      ; - org.springframework.beans.factory.support.AbstractBeanFactory::doGetBean@576 (line 359)
  0x00000181fc027d78: 646e 99ff 

  0x00000181fc027d7c: ;   {other}
  0x00000181fc027d7c: 0f1f 8400 | f419 003e | 488b 8424 

  0x00000181fc027d88: ; ImmutableOopMap {rax=Oop [192]=Oop [240]=Oop }
                      ;*athrow {reexecute=1 rethrow=0 return_oop=0}
                      ; - (reexecute) org.springframework.beans.factory.support.AbstractBeanFactory::doGetBean@579 (line 359)
  0x00000181fc027d88: a001 0000 

  0x00000181fc027d8c: ;   {section_word}
  0x00000181fc027d8c: 48ba 8c7d | 02fc 8101 

  0x00000181fc027d94: ;   {runtime_call handle_exception_nofpu Runtime1 stub}
  0x00000181fc027d94: 0000 e8c5 | bfa5 ff90 

  0x00000181fc027d9c: ;   {metadata('java/lang/IllegalStateException')}
  0x00000181fc027d9c: 48ba 7039 | 0485 8101 | 0000 498b | 87b8 0100 | 0048 8d78 | 2849 3bbf | c801 0000 | 0f87 0e0b 
  0x00000181fc027dbc: 0000 4989 | bfb8 0100 | 0048 c700 | 0100 0000 | 488b ca49 | ba00 0000 | 8481 0100 | 0049 2bca 
  0x00000181fc027ddc: 8948 0848 | 33c9 8948 | 0c48 33c9 | 4889 4810 | 4889 4818 | 4889 4820 | 0f1f 4000 

  0x00000181fc027df8: ;   {no_reloc}
  0x00000181fc027df8: e9eb 0a00 | 0090 9090 | 9090 488b | 9424 f000 | 0000 4889 | 8424 a801 | 0000 0f1f 

  0x00000181fc027e14: ;   {static_call}
  0x00000181fc027e14: 4400 00e8 

  0x00000181fc027e18: ; ImmutableOopMap {[192]=Oop [240]=Oop [424]=Oop }
                      ;*invokedynamic {reexecute=0 rethrow=0 return_oop=0}
                      ; - org.springframework.beans.factory.support.AbstractBeanFactory::doGetBean@535 (line 355)
  0x00000181fc027e18: c477 99ff 

  0x00000181fc027e1c: ;   {other}
  0x00000181fc027e1c: 0f1f 8400 | 941a 0040 | 4c8b c048 | 8b94 24a8 

  0x00000181fc027e2c: ;   {optimized virtual_call}
  0x00000181fc027e2c: 0100 00e8 

  0x00000181fc027e30: ; ImmutableOopMap {[192]=Oop [240]=Oop [424]=Oop }
                      ;*invokespecial <init> {reexecute=0 rethrow=0 return_oop=0}
                      ; - org.springframework.beans.factory.support.AbstractBeanFactory::doGetBean@540 (line 355)
  0x00000181fc027e30: ac6d 99ff 

  0x00000181fc027e34: ;   {other}
  0x00000181fc027e34: 0f1f 8400 | ac1a 0041 | 488b 8424 

  0x00000181fc027e40: ; ImmutableOopMap {rax=Oop [192]=Oop [240]=Oop }
                      ;*athrow {reexecute=1 rethrow=0 return_oop=0}
                      ; - (reexecute) org.springframework.beans.factory.support.AbstractBeanFactory::doGetBean@543 (line 355)
  0x00000181fc027e40: a801 0000 

  0x00000181fc027e44: ;   {section_word}
  0x00000181fc027e44: 48ba 447e | 02fc 8101 

  0x00000181fc027e4c: ;   {runtime_call handle_exception_nofpu Runtime1 stub}
  0x00000181fc027e4c: 0000 e80d | bfa5 ff90 

  0x00000181fc027e54: ;   {metadata('org/springframework/beans/factory/BeanIsAbstractException')}
  0x00000181fc027e54: 48ba 2087 | 1785 8101 | 0000 80ba | 3101 0000 | 040f 858c | 0a00 0049 | 8b87 b801 | 0000 488d 
  0x00000181fc027e74: 7830 493b | bfc8 0100 | 000f 8774 | 0a00 0049 | 89bf b801 | 0000 48c7 | 0001 0000 | 0048 8bca 
  0x00000181fc027e94: 49ba 0000 | 0084 8101 | 0000 492b | ca89 4808 | 4833 c989 | 480c 4833 | c948 8948 | 1048 8948 
  0x00000181fc027eb4: 1848 8948 | 2048 8948 | 284c 8b84 | 24f0 0000 | 0048 8bd0 | 4889 8424 | b001 0000 | 0f1f 8000 
  0x00000181fc027ed4: ;   {optimized virtual_call}
  0x00000181fc027ed4: 0000 00e8 

  0x00000181fc027ed8: ; ImmutableOopMap {[192]=Oop [200]=Oop [216]=Oop [224]=Oop [240]=Oop [280]=Oop [432]=Oop }
                      ;*invokespecial <init> {reexecute=0 rethrow=0 return_oop=0}
                      ; - org.springframework.beans.factory.support.AbstractBeanFactory::checkMergedBeanDefinition@12 (line 1456)
                      ; - org.springframework.beans.factory.support.AbstractBeanFactory::doGetBean@279 (line 301)
  0x00000181fc027ed8: 046d 99ff 

  0x00000181fc027edc: ;   {other}
  0x00000181fc027edc: 0f1f 8400 | 541b 0043 | 488b 8424 

  0x00000181fc027ee8: ; ImmutableOopMap {rax=Oop [192]=Oop [200]=Oop [216]=Oop [224]=Oop [240]=Oop [280]=Oop }
                      ;*athrow {reexecute=1 rethrow=0 return_oop=0}
                      ; - (reexecute) org.springframework.beans.factory.support.AbstractBeanFactory::checkMergedBeanDefinition@15 (line 1456)
                      ; - org.springframework.beans.factory.support.AbstractBeanFactory::doGetBean@279 (line 301)
  0x00000181fc027ee8: b001 0000 

  0x00000181fc027eec: ;   {section_word}
  0x00000181fc027eec: 48ba ec7e | 02fc 8101 

  0x00000181fc027ef4: ;   {runtime_call handle_exception_nofpu Runtime1 stub}
  0x00000181fc027ef4: 0000 e865 | bea5 ff90 

  0x00000181fc027efc: ;   {metadata('java/lang/NullPointerException')}
  0x00000181fc027efc: 48ba 382a | 1b84 8101 | 0000 498b | 87b8 0100 | 0048 8d78 | 3049 3bbf | c801 0000 | 0f87 e609 
  0x00000181fc027f1c: 0000 4989 | bfb8 0100 | 0048 c700 | 0100 0000 | 488b ca49 | ba00 0000 | 8481 0100 | 0049 2bca 
  0x00000181fc027f3c: 8948 0848 | 33c9 8948 | 0c48 33c9 | 4889 4810 | 4889 4818 | 4889 4820 | 4889 4828 | 488b d048 
  0x00000181fc027f5c: 8984 24b8 | 0100 000f 

  0x00000181fc027f64: ;   {optimized virtual_call}
  0x00000181fc027f64: 1f40 00e8 

  0x00000181fc027f68: ; ImmutableOopMap {[192]=Oop [200]=Oop [216]=Oop [224]=Oop [240]=Oop [440]=Oop }
                      ;*invokespecial <init> {reexecute=0 rethrow=0 return_oop=0}
                      ; - java.util.Objects::requireNonNull@8 (line 220)
                      ; - org.springframework.beans.factory.support.AbstractBeanFactory::doGetBean@250 (line 298)
  0x00000181fc027f68: 746c 99ff 

  0x00000181fc027f6c: ;   {other}
  0x00000181fc027f6c: 0f1f 8400 | e41b 0045 | 488b 8424 

  0x00000181fc027f78: ; ImmutableOopMap {rax=Oop [192]=Oop [200]=Oop [216]=Oop [224]=Oop [240]=Oop }
                      ;*athrow {reexecute=1 rethrow=0 return_oop=0}
                      ; - (reexecute) java.util.Objects::requireNonNull@11 (line 220)
                      ; - org.springframework.beans.factory.support.AbstractBeanFactory::doGetBean@250 (line 298)
  0x00000181fc027f78: b801 0000 

  0x00000181fc027f7c: ;   {section_word}
  0x00000181fc027f7c: 48ba 7c7f | 02fc 8101 

  0x00000181fc027f84: ;   {runtime_call handle_exception_nofpu Runtime1 stub}
  0x00000181fc027f84: 0000 e8d5 | bda5 ff90 | 4889 8424 | f000 0000 

  0x00000181fc027f94: ;   {metadata('java/lang/IllegalArgumentException')}
  0x00000181fc027f94: 48ba d817 | 1b84 8101 | 0000 498b | 87b8 0100 | 0048 8d78 | 2849 3bbf | c801 0000 | 0f87 5b09 
  0x00000181fc027fb4: 0000 4989 | bfb8 0100 | 0048 c700 | 0100 0000 | 488b ca49 | ba00 0000 | 8481 0100 | 0049 2bca 
  0x00000181fc027fd4: 8948 0848 | 33c9 8948 | 0c48 33c9 | 4889 4810 | 4889 4818 | 4889 4820 

  0x00000181fc027fec: ;   {oop("Bean name must not be null"{0x0000000083f33758})}
  0x00000181fc027fec: 49b8 5837 | f383 0000 | 0000 488b | d048 8984 | 24c0 0100 | 0066 0f1f 

  0x00000181fc028004: ;   {optimized virtual_call}
  0x00000181fc028004: 4400 00e8 

  0x00000181fc028008: ; ImmutableOopMap {[192]=Oop [200]=Oop [216]=Oop [224]=Oop [240]=Oop [248]=Oop [448]=Oop }
                      ;*invokespecial <init> {reexecute=0 rethrow=0 return_oop=0}
                      ; - org.springframework.util.Assert::notNull@9 (line 172)
                      ; - org.springframework.beans.factory.support.DefaultListableBeanFactory::containsBeanDefinition@3 (line 366)
                      ; - org.springframework.beans.factory.support.AbstractBeanFactory::doGetBean@128 (line 271)
  0x00000181fc028008: d46b 99ff 

  0x00000181fc02800c: ;   {other}
  0x00000181fc02800c: 0f1f 8400 | 841c 0047 | 488b 8424 | c001 0000 | e95d 0a00 

  0x00000181fc028020: ;   {metadata('org/springframework/beans/factory/BeanCurrentlyInCreationException')}
  0x00000181fc028020: 0048 ba08 | 6317 8581 | 0100 0080 | ba31 0100 | 0004 0f85 | eb08 0000 | 498b 87b8 | 0100 0048 
  0x00000181fc028040: 8d78 3049 | 3bbf c801 | 0000 0f87 | d308 0000 | 4989 bfb8 | 0100 0048 | c700 0100 | 0000 488b 
  0x00000181fc028060: ca49 ba00 | 0000 8481 | 0100 0049 | 2bca 8948 | 0848 33c9 | 8948 0c48 | 33c9 4889 | 4810 4889 
  0x00000181fc028080: 4818 4889 | 4820 4889 | 4828 4c8b | 8424 f000 | 0000 488b | d048 8984 | 24c8 0100 

  0x00000181fc02809c: ;   {optimized virtual_call}
  0x00000181fc02809c: 0066 90e8 

  0x00000181fc0280a0: ; ImmutableOopMap {[456]=Oop }
                      ;*invokespecial <init> {reexecute=0 rethrow=0 return_oop=0}
                      ; - org.springframework.beans.factory.support.AbstractBeanFactory::doGetBean@110 (line 266)
  0x00000181fc0280a0: 3c6b 99ff 

  0x00000181fc0280a4: ;   {other}
  0x00000181fc0280a4: 0f1f 8400 | 1c1d 0048 | 488b 8424 | c801 0000 | e9c5 0900 | 0049 8b87 | 0005 0000 | 4d33 d24d 
  0x00000181fc0280c4: 8997 0005 | 0000 4d33 | d24d 8997 | 0805 0000 

  0x00000181fc0280d4: ;   {metadata('org/springframework/beans/factory/support/ScopeNotActiveException')}
  0x00000181fc0280d4: 488b d848 | bab0 7617 | 8581 0100 | 0080 ba31 | 0100 0004 | 0f85 4708 | 0000 498b | 87b8 0100 
  0x00000181fc0280f4: 0048 8d78 | 3049 3bbf | c801 0000 | 0f87 2f08 | 0000 4989 | bfb8 0100 | 0048 c700 | 0100 0000 
  0x00000181fc028114: 488b ca49 | ba00 0000 | 8481 0100 | 0049 2bca | 8948 0848 | 33c9 8948 | 0c48 33c9 | 4889 4810 
  0x00000181fc028134: 4889 4818 | 4889 4820 | 4889 4828 | 4c8b 8424 | f000 0000 | 488b fb48 | 8bd0 4889 | 8424 d001 
  0x00000181fc028154: ;   {optimized virtual_call}
  0x00000181fc028154: 0000 90e8 

  0x00000181fc028158: ; ImmutableOopMap {[192]=Oop [240]=Oop [464]=Oop }
                      ;*invokespecial <init> {reexecute=0 rethrow=0 return_oop=0}
                      ; - org.springframework.beans.factory.support.AbstractBeanFactory::doGetBean@630 (line 374)
  0x00000181fc028158: 846a 99ff 

  0x00000181fc02815c: ;   {other}
  0x00000181fc02815c: 0f1f 8400 | d41d 0049 | 488b 8424 

  0x00000181fc028168: ; ImmutableOopMap {rax=Oop [192]=Oop [240]=Oop }
                      ;*athrow {reexecute=1 rethrow=0 return_oop=0}
                      ; - (reexecute) org.springframework.beans.factory.support.AbstractBeanFactory::doGetBean@633 (line 374)
  0x00000181fc028168: d001 0000 

  0x00000181fc02816c: ;   {section_word}
  0x00000181fc02816c: 48ba 6c81 | 02fc 8101 

  0x00000181fc028174: ;   {runtime_call handle_exception_nofpu Runtime1 stub}
  0x00000181fc028174: 0000 e8e5 | bba5 ff90 | 498b 8700 | 0500 004d | 33d2 4d89 | 9700 0500 | 004d 33d2 | 4d89 9708 
  0x00000181fc028194: 0500 004c | 8b84 24f0 | 0000 0048 | 8b94 24c0 | 0000 0048 | 8984 24d8 

  0x00000181fc0281ac: ;   {optimized virtual_call}
  0x00000181fc0281ac: 0100 00e8 

  0x00000181fc0281b0: ; ImmutableOopMap {[192]=Oop [240]=Oop [472]=Oop }
                      ;*invokevirtual afterPrototypeCreation {reexecute=0 rethrow=0 return_oop=0}
                      ; - org.springframework.beans.factory.support.AbstractBeanFactory::doGetBean@492 (line 347)
  0x00000181fc0281b0: 2c6a 99ff 

  0x00000181fc0281b4: ;   {other}
  0x00000181fc0281b4: 0f1f 8400 | 2c1e 004b | 488b 8424 

  0x00000181fc0281c0: ; ImmutableOopMap {rax=Oop [192]=Oop [240]=Oop }
                      ;*athrow {reexecute=1 rethrow=0 return_oop=0}
                      ; - (reexecute) org.springframework.beans.factory.support.AbstractBeanFactory::doGetBean@497 (line 348)
  0x00000181fc0281c0: d801 0000 

  0x00000181fc0281c4: ;   {section_word}
  0x00000181fc0281c4: 48ba c481 | 02fc 8101 

  0x00000181fc0281cc: ;   {runtime_call handle_exception_nofpu Runtime1 stub}
  0x00000181fc0281cc: 0000 e88d | bba5 ff90 | 448b 9c24 | 0801 0000 | 488b 9c24 | 1001 0000 | 488b bc24 | c800 0000 
  0x00000181fc0281ec: 4c8b 8c24 | d800 0000 | 4c8b 8424 | e000 0000 | 498b 8700 | 0500 004d | 33d2 4d89 | 9700 0500 
  0x00000181fc02820c: 004d 33d2 | 4d89 9708 | 0500 0048 | 8bd0 488d | 8424 f801 | 0000 488b | 7008 458b | b718 0600 
  0x00000181fc02822c: 004b 3b74 | 37f8 0f85 | 0a07 0000 | 4183 af18 | 0600 0008 | 4b3b 7437 | f00f 842a | 0000 0048 
  0x00000181fc02824c: 8b06 a802 | 0f85 1200 | 0000 4c8b | f049 83ce | 01f0 4c0f | b136 0f84 | 0d00 0000 | 4183 8718 
  0x00000181fc02826c: 0600 0008 | e9cd 0600 | 0049 ff8f | 5005 0000 

  0x00000181fc02827c: ; ImmutableOopMap {r13=Oop r8=Oop rdi=Oop r9=Oop rbx=Oop rax=Oop [192]=Oop [200]=Oop [216]=Oop [224]=Oop [240]=Oop [272]=Oop [280]=Oop }
                      ;*athrow {reexecute=1 rethrow=0 return_oop=0}
                      ; - (reexecute) org.springframework.beans.factory.support.DefaultSingletonBeanRegistry::isDependent@23 (line 441)
                      ; - org.springframework.beans.factory.support.AbstractBeanFactory::doGetBean@325 (line 307)
                      ;   {section_word}
  0x00000181fc02827c: 488b c248 | ba7f 8202 | fc81 0100 

  0x00000181fc028288: ;   {runtime_call handle_exception_nofpu Runtime1 stub}
  0x00000181fc028288: 00e8 d2ba | a5ff 9049 | 8b87 0005 | 0000 4d33 | d24d 8997 | 0005 0000 | 4d33 d24d | 8997 0805 
  0x00000181fc0282a8: 0000 8b50 | 0849 ba00 | 0000 8481 | 0100 0049 | 03d2 488b | 5270 488b | 1248 3b02 | 4889 8424 
  0x00000181fc0282c8: e001 0000 

  0x00000181fc0282cc: ;   {optimized virtual_call}
  0x00000181fc0282cc: 6666 90e8 

  0x00000181fc0282d0: ; ImmutableOopMap {[192]=Oop [240]=Oop [480]=Oop }
                      ;*invokevirtual toString {reexecute=0 rethrow=0 return_oop=0}
                      ; - org.springframework.beans.factory.support.AbstractBeanFactory::doGetBean@669 (line 379)
  0x00000181fc0282d0: a70b 0000 

  0x00000181fc0282d4: ;   {other}
  0x00000181fc0282d4: 0f1f 8400 | 4c1f 004e | 488b 9424 | e001 0000 | 9048 b848 | ab70 ca81 

  0x00000181fc0282ec: ;   {virtual_call}
  0x00000181fc0282ec: 0100 00e8 

  0x00000181fc0282f0: ; ImmutableOopMap {[192]=Oop [240]=Oop [480]=Oop }
                      ;*invokevirtual getMessage {reexecute=0 rethrow=0 return_oop=0}
                      ; - org.springframework.beans.factory.support.AbstractBeanFactory::doGetBean@685 (line 380)
  0x00000181fc0282f0: 9db8 99ff 

  0x00000181fc0282f4: ;   {other}
  0x00000181fc0282f4: 0f1f 8400 | 6c1f 004f | 4885 c00f | 850f 0000 

  0x00000181fc028304: ;   {oop("null"{0x0000000083a45f50})}
  0x00000181fc028304: 0048 b850 | 5fa4 8300 | 0000 00e9 | 0300 0000 

  0x00000181fc028314: ; implicit exception: dispatches to 0x00000181fc02895d
  0x00000181fc028314: 483b 0048 | 8b94 24c0 | 0000 008b | 727c 4c8d | 8424 f801 | 0000 4989 | 7008 488b | 0641 8bbf 
  0x00000181fc028334: 1806 0000 | 81ff 6806 | 0000 0f8d | 2306 0000 | 493b 743f | f80f 8425 | 0000 00a8 | 020f 8510 
  0x00000181fc028354: 0600 0048 | 8bf8 4883 | e7fe 4883 | c801 f048 | 0fb1 3e0f | 85fa 0500 | 0041 8bbf | 1806 0000 
  0x00000181fc028374: 4989 343f | 83c7 0841 | 89bf 1806 | 0000 49ff | 8750 0500 | 008b ba80 | 0000 004c | 8b84 24f0 
  0x00000181fc028394: 0000 0048 | 8bd7 4889 | b424 e801 | 0000 6666 | 9048 b870 | ab70 ca81 

  0x00000181fc0283ac: ;   {virtual_call}
  0x00000181fc0283ac: 0100 00e8 

  0x00000181fc0283b0: ; ImmutableOopMap {[192]=Oop [240]=Oop [480]=Oop [488]=Oop [512]=Oop }
                      ;*invokeinterface remove {reexecute=0 rethrow=0 return_oop=0}
                      ; - org.springframework.beans.factory.support.AbstractBeanFactory::cleanupAfterBeanCreationFailure@12 (line 1731)
                      ; - org.springframework.beans.factory.support.AbstractBeanFactory::doGetBean@700 (line 381)
  0x00000181fc0283b0: fe74 b6ff 

  0x00000181fc0283b4: ;   {other}
  0x00000181fc0283b4: 0f1f 8400 | 2c20 0050 | 488d 8424 | f801 0000 | 4c8b 4008 | 418b 9718 | 0600 004d | 3b44 17f8 
  0x00000181fc0283d4: 0f85 a005 | 0000 4183 | af18 0600 | 0008 4d3b | 4417 f00f | 842a 0000 | 0049 8b00 | a802 0f85 
  0x00000181fc0283f4: 1200 0000 | 488b d048 | 83ca 01f0 | 490f b110 | 0f84 0d00 | 0000 4183 | 8718 0600 | 0008 e963 
  0x00000181fc028414: 0500 0049 | ff8f 5005 | 0000 488b | 8424 e001 

  0x00000181fc028424: ; ImmutableOopMap {rax=Oop [192]=Oop [240]=Oop [480]=Oop }
                      ;*athrow {reexecute=1 rethrow=0 return_oop=0}
                      ; - (reexecute) org.springframework.beans.factory.support.AbstractBeanFactory::doGetBean@705 (line 382)
                      ;   {section_word}
  0x00000181fc028424: 0000 48ba | 2684 02fc | 8101 0000 

  0x00000181fc028430: ;   {runtime_call handle_exception_nofpu Runtime1 stub}
  0x00000181fc028430: e82b b9a5 | ff90 498b | 8700 0500 | 004d 33d2 | 4d89 9700 | 0500 004d | 33d2 4d89 | 9708 0500 
  0x00000181fc028450: 0048 8bd0 | 488d 8424 | f801 0000 | 488b 7808 | 418b b718 | 0600 0049 | 3b7c 37f8 | 0f85 1e05 
  0x00000181fc028470: 0000 4183 | af18 0600 | 0008 493b | 7c37 f00f | 842a 0000 | 0048 8b07 | a802 0f85 | 1200 0000 
  0x00000181fc028490: 488b f048 | 83ce 01f0 | 480f b137 | 0f84 0d00 | 0000 4183 | 8718 0600 | 0008 e9e1 | 0400 0049 
  0x00000181fc0284b0: ff8f 5005 | 0000 488b 

  0x00000181fc0284b8: ; ImmutableOopMap {r8=Oop rax=Oop [192]=Oop [240]=Oop }
                      ;*athrow {reexecute=1 rethrow=0 return_oop=0}
                      ; - (reexecute) org.springframework.beans.factory.support.AbstractBeanFactory::cleanupAfterBeanCreationFailure@27 (line 1732)
                      ; - org.springframework.beans.factory.support.AbstractBeanFactory::doGetBean@700 (line 381)
                      ;   {section_word}
  0x00000181fc0284b8: c248 bab9 | 8402 fc81 

  0x00000181fc0284c0: ;   {runtime_call handle_exception_nofpu Runtime1 stub}
  0x00000181fc0284c0: 0100 00e8 | 98b8 a5ff | 9048 8b94 | 24c0 0000 | 0049 8b87 | 0005 0000 | 4d33 d24d | 8997 0005 
  0x00000181fc0284e0: 0000 4d33 | d24d 8997 | 0805 0000 | 440f be42 | 1541 83e0 | 0145 85c0 | 0f85 b600 | 0000 4889 
  0x00000181fc028500: 8424 f001 | 0000 8b72 | 7c4c 8b84 | 24f0 0000 | 0048 8bd6 | 9048 b898 | ab70 ca81 

  0x00000181fc02851c: ;   {virtual_call}
  0x00000181fc02851c: 0100 00e8 

  0x00000181fc028520: ; ImmutableOopMap {[192]=Oop [240]=Oop [496]=Oop }
                      ;*invokeinterface get {reexecute=0 rethrow=0 return_oop=0}
                      ; - org.springframework.beans.factory.support.AbstractBeanFactory::clearMergedBeanDefinition@5 (line 1466)
                      ; - org.springframework.beans.factory.support.DefaultListableBeanFactory::clearMergedBeanDefinition@2 (line 910)
                      ; - org.springframework.beans.factory.support.AbstractBeanFactory::doGetBean@725 (line 387)
  0x00000181fc028520: bc6b 99ff 

  0x00000181fc028524: ;   {other}
  0x00000181fc028524: 0f1f 8400 | 9c21 0053 | 4885 c00f | 8429 0000 

  0x00000181fc028534: ;   {metadata('org/springframework/beans/factory/support/RootBeanDefinition')}
  0x00000181fc028534: 0048 bfe0 | b217 8581 | 0100 008b | 7008 49ba | 0000 0084 | 8101 0000 | 4903 f248 | 3b7e 500f 
  0x00000181fc028554: 854d 0400 | 00e9 0000 | 0000 4c8b | c04d 85c0 | 0f84 0f00 | 0000 ba01 | 0000 0041 | 8850 64f0 
  0x00000181fc028574: 8344 24c0 | 0048 8b84 | 24f0 0000 | 0048 8b94 | 24c0 0000 | 008b 92c0 | 0000 004c | 8bc0 6666 
  0x00000181fc028594: 9048 b8c0 | ab70 ca81 

  0x00000181fc02859c: ;   {virtual_call}
  0x00000181fc02859c: 0100 00e8 

  0x00000181fc0285a0: ; ImmutableOopMap {[496]=Oop }
                      ;*invokeinterface remove {reexecute=0 rethrow=0 return_oop=0}
                      ; - org.springframework.beans.factory.support.DefaultListableBeanFactory::clearMergedBeanDefinition@10 (line 911)
                      ; - org.springframework.beans.factory.support.AbstractBeanFactory::doGetBean@725 (line 387)
  0x00000181fc0285a0: 3c6b 99ff 

  0x00000181fc0285a4: ;   {other}
  0x00000181fc0285a4: 0f1f 8400 | 1c22 0054 | 488b 8424 | f001 0000 | e9c5 0400 | 0048 8904 

  0x00000181fc0285bc: ;   {runtime_call throw_class_cast_exception Runtime1 stub}
  0x00000181fc0285bc: 24e8 1ec4 

  0x00000181fc0285c0: ; ImmutableOopMap {[192]=Oop [200]=Oop [216]=Oop [224]=Oop [232]=Oop }
                      ;*checkcast {reexecute=0 rethrow=0 return_oop=0}
                      ; - org.springframework.core.SimpleAliasRegistry::canonicalName@12 (line 216)
                      ; - org.springframework.beans.factory.support.AbstractBeanFactory::transformedBeanName@5 (line 1235)
                      ; - org.springframework.beans.factory.support.AbstractBeanFactory::doGetBean@2 (line 244)
                      ;   {runtime_call throw_incompatible_class_change_error Runtime1 stub}
  0x00000181fc0285c0: a5ff e819 

  0x00000181fc0285c4: ; ImmutableOopMap {rdx=Oop r9=Oop r8=Oop [192]=Oop [200]=Oop [216]=Oop [224]=Oop [240]=Oop }
                      ;*invokeinterface start {reexecute=0 rethrow=0 return_oop=0}
                      ; - org.springframework.beans.factory.support.AbstractBeanFactory::doGetBean@225 (line 294)
                      ;   {runtime_call throw_null_pointer_exception Runtime1 stub}
  0x00000181fc0285c4: c7a5 ffe8 

  0x00000181fc0285c8: ; ImmutableOopMap {rdx=Oop r9=Oop [192]=Oop [200]=Oop [216]=Oop [224]=Oop [240]=Oop }
                      ;*invokeinterface start {reexecute=0 rethrow=0 return_oop=0}
                      ; - org.springframework.beans.factory.support.AbstractBeanFactory::doGetBean@225 (line 294)
  0x00000181fc0285c8: 1490 a5ff 

  0x00000181fc0285cc: ; implicit exception: dispatches to 0x00000181fc0289b4
  0x00000181fc0285cc: 448b 400c | 4983 f800 | 0f84 d0e6 | ffff 4c89 

  0x00000181fc0285dc: ;   {runtime_call g1_pre_barrier_slow}
  0x00000181fc0285dc: 0424 e87d | 01a6 ffe9 | c2e6 ffff 

  0x00000181fc0285e8: ;   {runtime_call throw_null_pointer_exception Runtime1 stub}
  0x00000181fc0285e8: e8f3 8fa5 

  0x00000181fc0285ec: ; ImmutableOopMap {rax=Oop r9=Oop [192]=Oop [200]=Oop [216]=Oop [224]=Oop [240]=Oop }
                      ;*invokestatic linkToSpecial {reexecute=0 rethrow=0 return_oop=0}
                      ; - java.lang.invoke.DirectMethodHandle$Holder::newInvokeSpecial@16
                      ; - java.lang.invoke.Invokers$Holder::linkToTargetMethod@5
                      ; - org.springframework.beans.factory.support.AbstractBeanFactory::doGetBean@254 (line 298)
  0x00000181fc0285ec: ff49 83f9 | 000f 84d6 | e6ff ff48 

  0x00000181fc0285f8: ;   {runtime_call g1_post_barrier_slow}
  0x00000181fc0285f8: 8904 24e8 | e004 a6ff | e9c8 e6ff 

  0x00000181fc028604: ;   {runtime_call throw_null_pointer_exception Runtime1 stub}
  0x00000181fc028604: ffe8 d68f 

  0x00000181fc028608: ; ImmutableOopMap {rax=Oop [192]=Oop [200]=Oop [216]=Oop [224]=Oop [240]=Oop [280]=Oop }
                      ;*invokevirtual isAbstract {reexecute=0 rethrow=0 return_oop=0}
                      ; - org.springframework.beans.factory.support.AbstractBeanFactory::checkMergedBeanDefinition@1 (line 1455)
                      ; - org.springframework.beans.factory.support.AbstractBeanFactory::doGetBean@279 (line 301)
                      ;   {runtime_call throw_null_pointer_exception Runtime1 stub}
  0x00000181fc028608: a5ff e8d1 

  0x00000181fc02860c: ; ImmutableOopMap {rax=Oop rsi=Oop [192]=Oop [200]=Oop [216]=Oop [224]=Oop [240]=Oop [272]=Oop [280]=Oop }
                      ;*arraylength {reexecute=0 rethrow=0 return_oop=0}
                      ; - org.springframework.beans.factory.support.AbstractBeanFactory::doGetBean@300 (line 306)
                      ;   {runtime_call throw_null_pointer_exception Runtime1 stub}
  0x00000181fc02860c: 8fa5 ffe8 

  0x00000181fc028610: ; ImmutableOopMap {rsi=Oop rdx=Oop r13=Oop r14=Oop rdi=Oop [192]=Oop [200]=Oop [216]=Oop [224]=Oop [272]=Oop [280]=Oop }
                      ;*monitorenter {reexecute=0 rethrow=0 return_oop=0}
                      ; - org.springframework.beans.factory.support.DefaultSingletonBeanRegistry::isDependent@6 (line 439)
                      ; - org.springframework.beans.factory.support.AbstractBeanFactory::doGetBean@325 (line 307)
  0x00000181fc028610: cc8f a5ff | 4c89 7424 | 084c 8904 

  0x00000181fc02861c: ;   {runtime_call monitorenter_nofpu Runtime1 stub}
  0x00000181fc02861c: 24e8 3ed0 

  0x00000181fc028620: ; ImmutableOopMap {rsi=Oop rdx=Oop r13=Oop r14=Oop rdi=Oop [192]=Oop [200]=Oop [216]=Oop [224]=Oop [272]=Oop [280]=Oop [512]=Oop }
                      ;*monitorenter {reexecute=0 rethrow=0 return_oop=0}
                      ; - org.springframework.beans.factory.support.DefaultSingletonBeanRegistry::isDependent@6 (line 439)
                      ; - org.springframework.beans.factory.support.AbstractBeanFactory::doGetBean@325 (line 307)
  0x00000181fc028620: a5ff e981 | e7ff ff48 | 8d84 24f8 | 0100 0048 

  0x00000181fc028630: ;   {runtime_call monitorexit_nofpu Runtime1 stub}
  0x00000181fc028630: 8904 24e8 | a8d6 a5ff | e914 e8ff | ff44 8b40 | 0c49 83f8 | 000f 8467 | e9ff ff4c 

  0x00000181fc02864c: ;   {runtime_call g1_pre_barrier_slow}
  0x00000181fc02864c: 8904 24e8 | 0c01 a6ff | e959 e9ff 

  0x00000181fc028658: ;   {runtime_call throw_null_pointer_exception Runtime1 stub}
  0x00000181fc028658: ffe8 828f 

  0x00000181fc02865c: ; ImmutableOopMap {rax=Oop rdx=Oop [192]=Oop [200]=Oop [216]=Oop [224]=Oop [240]=Oop [280]=Oop }
                      ;*invokestatic linkToSpecial {reexecute=0 rethrow=0 return_oop=0}
                      ; - java.lang.invoke.DirectMethodHandle$Holder::newInvokeSpecial@24
                      ; - java.lang.invoke.Invokers$Holder::linkToTargetMethod@9
                      ; - org.springframework.beans.factory.support.AbstractBeanFactory::doGetBean@424 (line 324)
  0x00000181fc02865c: a5ff 4883 | fa00 0f84 | 6de9 ffff | 4889 0424 

  0x00000181fc02866c: ;   {runtime_call g1_post_barrier_slow}
  0x00000181fc02866c: e86f 04a6 | ffe9 5fe9 | ffff 448b | 4010 4983 | f800 0f84 | 5fe9 ffff | 4c89 0424 

  0x00000181fc028688: ;   {runtime_call g1_pre_barrier_slow}
  0x00000181fc028688: e8d3 00a6 | ffe9 51e9 | ffff 4883 | fe00 0f84 | 6ae9 ffff | 4889 0424 

  0x00000181fc0286a0: ;   {runtime_call g1_post_barrier_slow}
  0x00000181fc0286a0: e83b 04a6 | ffe9 5ce9 | ffff 448b | 4014 4983 | f800 0f84 | 5ce9 ffff | 4c89 0424 

  0x00000181fc0286bc: ;   {runtime_call g1_pre_barrier_slow}
  0x00000181fc0286bc: e89f 00a6 | ffe9 4ee9 | ffff 4883 | ff00 0f84 | 67e9 ffff | 4889 0424 

  0x00000181fc0286d4: ;   {runtime_call g1_post_barrier_slow}
  0x00000181fc0286d4: e807 04a6 | ffe9 59e9 | ffff 448b | 4018 4983 | f800 0f84 | 59e9 ffff | 4c89 0424 

  0x00000181fc0286f0: ;   {runtime_call g1_pre_barrier_slow}
  0x00000181fc0286f0: e86b 00a6 | ffe9 4be9 | ffff 4883 | fb00 0f84 | 64e9 ffff | 4889 0424 

  0x00000181fc028708: ;   {runtime_call g1_post_barrier_slow}
  0x00000181fc028708: e8d3 03a6 | ffe9 56e9 

  0x00000181fc028710: ;   {runtime_call throw_null_pointer_exception Runtime1 stub}
  0x00000181fc028710: ffff e8c9 

  0x00000181fc028714: ; ImmutableOopMap {rax=Oop rdx=Oop rsi=Oop [192]=Oop [216]=Oop [224]=Oop [240]=Oop [280]=Oop }
                      ;*invokevirtual get {reexecute=0 rethrow=0 return_oop=0}
                      ; - org.springframework.beans.factory.support.AbstractAutowireCapableBeanFactory::getObjectForBeanInstance@4 (line 1271)
                      ; - org.springframework.beans.factory.support.AbstractBeanFactory::doGetBean@442 (line 336)
  0x00000181fc028714: 8ea5 ff48 

  0x00000181fc028718: ;   {runtime_call throw_class_cast_exception Runtime1 stub}
  0x00000181fc028718: 8904 24e8 

  0x00000181fc02871c: ; ImmutableOopMap {[192]=Oop [216]=Oop [224]=Oop [240]=Oop [280]=Oop [296]=Oop }
                      ;*checkcast {reexecute=0 rethrow=0 return_oop=0}
                      ; - org.springframework.beans.factory.support.AbstractAutowireCapableBeanFactory::getObjectForBeanInstance@7 (line 1271)
                      ; - org.springframework.beans.factory.support.AbstractBeanFactory::doGetBean@442 (line 336)
  0x00000181fc02871c: c0c2 a5ff 

  0x00000181fc028720: ;   {runtime_call throw_null_pointer_exception Runtime1 stub}
  0x00000181fc028720: e8bb 8ea5 

  0x00000181fc028724: ; ImmutableOopMap {rdx=Oop rsi=Oop [192]=Oop [216]=Oop [224]=Oop [240]=Oop [280]=Oop [304]=Oop }
                      ;*invokevirtual get {reexecute=0 rethrow=0 return_oop=0}
                      ; - org.springframework.beans.factory.support.AbstractAutowireCapableBeanFactory::getObjectForBeanInstance@4 (line 1271)
                      ; - org.springframework.beans.factory.support.AbstractBeanFactory::doGetBean@506 (line 349)
  0x00000181fc028724: ff48 8904 

  0x00000181fc028728: ;   {runtime_call throw_class_cast_exception Runtime1 stub}
  0x00000181fc028728: 24e8 b2c2 

  0x00000181fc02872c: ; ImmutableOopMap {[192]=Oop [216]=Oop [224]=Oop [240]=Oop [280]=Oop [304]=Oop }
                      ;*checkcast {reexecute=0 rethrow=0 return_oop=0}
                      ; - org.springframework.beans.factory.support.AbstractAutowireCapableBeanFactory::getObjectForBeanInstance@7 (line 1271)
                      ; - org.springframework.beans.factory.support.AbstractBeanFactory::doGetBean@506 (line 349)
                      ;   {runtime_call throw_null_pointer_exception Runtime1 stub}
  0x00000181fc02872c: a5ff e8ad 

  0x00000181fc028730: ; ImmutableOopMap {rax=Oop rsi=Oop [192]=Oop [200]=Oop [216]=Oop [224]=Oop [240]=Oop [280]=Oop }
                      ;*invokevirtual isEmpty {reexecute=0 rethrow=0 return_oop=0}
                      ; - org.springframework.util.StringUtils::hasLength@5 (line 139)
                      ; - org.springframework.beans.factory.support.AbstractBeanFactory::doGetBean@523 (line 354)
                      ;   {runtime_call throw_null_pointer_exception Runtime1 stub}
  0x00000181fc028730: 8ea5 ffe8 

  0x00000181fc028734: ; ImmutableOopMap {rax=Oop rsi=Oop [192]=Oop [200]=Oop [216]=Oop [224]=Oop [240]=Oop [280]=Oop }
                      ;*arraylength {reexecute=0 rethrow=0 return_oop=0}
                      ; - java.lang.String::isEmpty@4 (line 1606)
                      ; - org.springframework.util.StringUtils::hasLength@5 (line 139)
                      ; - org.springframework.beans.factory.support.AbstractBeanFactory::doGetBean@523 (line 354)
  0x00000181fc028734: a88e a5ff | 4889 0424 

  0x00000181fc02873c: ;   {runtime_call throw_class_cast_exception Runtime1 stub}
  0x00000181fc02873c: e89f c2a5 

  0x00000181fc028740: ; ImmutableOopMap {[192]=Oop [200]=Oop [216]=Oop [224]=Oop [240]=Oop [280]=Oop [312]=Oop }
                      ;*checkcast {reexecute=0 rethrow=0 return_oop=0}
                      ; - org.springframework.beans.factory.support.AbstractBeanFactory::doGetBean@555 (line 357)
  0x00000181fc028740: ff48 be00 | 0000 0000 | 0000 00b8 | 000f 050a 

  0x00000181fc028750: ;   {runtime_call load_appendix_patching Runtime1 stub}
  0x00000181fc028750: e88b efa5 

  0x00000181fc028754: ; ImmutableOopMap {rdx=Oop [192]=Oop [200]=Oop [216]=Oop [224]=Oop [240]=Oop [280]=Oop [312]=Oop [320]=Oop }
                      ;*invokedynamic {reexecute=1 rethrow=0 return_oop=0}
                      ; - (reexecute) org.springframework.beans.factory.support.AbstractBeanFactory::doGetBean@590 (line 362)
  0x00000181fc028754: ffe9 7eec 

  0x00000181fc028758: ;   {runtime_call throw_null_pointer_exception Runtime1 stub}
  0x00000181fc028758: ffff e881 

  0x00000181fc02875c: ; ImmutableOopMap {rax=Oop rdx=Oop rsi=Oop [192]=Oop [216]=Oop [224]=Oop [240]=Oop [280]=Oop [312]=Oop }
                      ;*invokevirtual get {reexecute=0 rethrow=0 return_oop=0}
                      ; - org.springframework.beans.factory.support.AbstractAutowireCapableBeanFactory::getObjectForBeanInstance@4 (line 1271)
                      ; - org.springframework.beans.factory.support.AbstractBeanFactory::doGetBean@610 (line 371)
  0x00000181fc02875c: 8ea5 ff48 

  0x00000181fc028760: ;   {runtime_call throw_class_cast_exception Runtime1 stub}
  0x00000181fc028760: 8904 24e8 

  0x00000181fc028764: ; ImmutableOopMap {[192]=Oop [216]=Oop [224]=Oop [240]=Oop [280]=Oop [312]=Oop [328]=Oop }
                      ;*checkcast {reexecute=0 rethrow=0 return_oop=0}
                      ; - org.springframework.beans.factory.support.AbstractAutowireCapableBeanFactory::getObjectForBeanInstance@7 (line 1271)
                      ; - org.springframework.beans.factory.support.AbstractBeanFactory::doGetBean@610 (line 371)
  0x00000181fc028764: 78c2 a5ff | 4889 0424 

  0x00000181fc02876c: ;   {runtime_call throw_class_cast_exception Runtime1 stub}
  0x00000181fc02876c: e86f c2a5 

  0x00000181fc028770: ; ImmutableOopMap {[192]=Oop [216]=Oop [224]=Oop [240]=Oop [336]=Oop }
                      ;*checkcast {reexecute=0 rethrow=0 return_oop=0}
                      ; - org.springframework.beans.factory.support.AbstractBeanFactory::clearMergedBeanDefinition@10 (line 1466)
                      ; - org.springframework.beans.factory.support.DefaultListableBeanFactory::clearMergedBeanDefinition@2 (line 910)
                      ; - org.springframework.beans.factory.support.AbstractBeanFactory::doGetBean@651 (line 387)
                      ;   {runtime_call throw_null_pointer_exception Runtime1 stub}
  0x00000181fc028770: ffe8 6a8e 

  0x00000181fc028774: ; ImmutableOopMap {[192]=Oop [216]=Oop [224]=Oop [240]=Oop [336]=Oop }
                      ;*putfield stale {reexecute=1 rethrow=0 return_oop=0}
                      ; - (reexecute) org.springframework.beans.factory.support.AbstractBeanFactory::clearMergedBeanDefinition@20 (line 1468)
                      ; - org.springframework.beans.factory.support.DefaultListableBeanFactory::clearMergedBeanDefinition@2 (line 910)
                      ; - org.springframework.beans.factory.support.AbstractBeanFactory::doGetBean@651 (line 387)
                      ;   {runtime_call throw_null_pointer_exception Runtime1 stub}
  0x00000181fc028774: a5ff e865 

  0x00000181fc028778: ; ImmutableOopMap {rbx=Oop [192]=Oop [240]=Oop [256]=Oop [280]=Oop }
                      ;*new {reexecute=0 rethrow=0 return_oop=0}
                      ; - org.springframework.beans.factory.support.AbstractBeanFactory::doGetBean@331 (line 308)
  0x00000181fc028778: 8ea5 ff48 

  0x00000181fc02877c: ;   {runtime_call fast_new_instance_init_check Runtime1 stub}
  0x00000181fc02877c: 8bd2 e8dd 

  0x00000181fc028780: ; ImmutableOopMap {rbx=Oop [192]=Oop [240]=Oop [256]=Oop [280]=Oop }
                      ;*new {reexecute=0 rethrow=0 return_oop=0}
                      ; - org.springframework.beans.factory.support.AbstractBeanFactory::doGetBean@331 (line 308)
  0x00000181fc028780: a1a5 ffe9 | 9aee ffff 

  0x00000181fc028788: ;   {runtime_call throw_null_pointer_exception Runtime1 stub}
  0x00000181fc028788: e853 8ea5 

  0x00000181fc02878c: ; ImmutableOopMap {rax=Oop r8=Oop [200]=Oop [216]=Oop [224]=Oop [248]=Oop }
                      ;*invokevirtual startsWith {reexecute=0 rethrow=0 return_oop=0}
                      ; - org.springframework.beans.factory.support.AbstractBeanFactory::originalBeanName@10 (line 1245)
                      ; - org.springframework.beans.factory.support.AbstractBeanFactory::doGetBean@136 (line 273)
  0x00000181fc02878c: ff49 b800 | 0000 0000 | 0000 00b8 | 000f 050a 

  0x00000181fc02879c: ;   {runtime_call load_appendix_patching Runtime1 stub}
  0x00000181fc02879c: e83f efa5 

  0x00000181fc0287a0: ; ImmutableOopMap {rax=Oop [200]=Oop [216]=Oop [248]=Oop }
                      ;*invokedynamic {reexecute=1 rethrow=0 return_oop=0}
                      ; - (reexecute) org.springframework.beans.factory.support.AbstractBeanFactory::originalBeanName@17 (line 1246)
                      ; - org.springframework.beans.factory.support.AbstractBeanFactory::doGetBean@136 (line 273)
  0x00000181fc0287a0: ffe9 12ef | ffff 49b8 | 0000 0000 | 0000 0000 | b800 0f05 

  0x00000181fc0287b4: ;   {runtime_call load_appendix_patching Runtime1 stub}
  0x00000181fc0287b4: 0ae8 26ef 

  0x00000181fc0287b8: ; ImmutableOopMap {rdx=Oop rsi=Oop [192]=Oop [216]=Oop [224]=Oop [240]=Oop [352]=Oop }
                      ;*invokedynamic {reexecute=1 rethrow=0 return_oop=0}
                      ; - (reexecute) org.springframework.beans.factory.support.AbstractBeanFactory::doGetBean@51 (line 252)
  0x00000181fc0287b8: a5ff e911 | f0ff ff49 | b800 0000 | 0000 0000 | 00b8 000f 

  0x00000181fc0287cc: ;   {runtime_call load_appendix_patching Runtime1 stub}
  0x00000181fc0287cc: 050a e80d 

  0x00000181fc0287d0: ; ImmutableOopMap {rdx=Oop rsi=Oop [192]=Oop [216]=Oop [224]=Oop [240]=Oop [352]=Oop }
                      ;*invokedynamic {reexecute=1 rethrow=0 return_oop=0}
                      ; - (reexecute) org.springframework.beans.factory.support.AbstractBeanFactory::doGetBean@70 (line 256)
  0x00000181fc0287d0: efa5 ffe9 | 58f0 ffff 

  0x00000181fc0287d8: ;   {runtime_call throw_null_pointer_exception Runtime1 stub}
  0x00000181fc0287d8: e803 8ea5 

  0x00000181fc0287dc: ; ImmutableOopMap {rdx=Oop rsi=Oop [192]=Oop [216]=Oop [224]=Oop [240]=Oop [352]=Oop }
                      ;*invokevirtual get {reexecute=0 rethrow=0 return_oop=0}
                      ; - org.springframework.beans.factory.support.AbstractAutowireCapableBeanFactory::getObjectForBeanInstance@4 (line 1271)
                      ; - org.springframework.beans.factory.support.AbstractBeanFactory::doGetBean@87 (line 259)
  0x00000181fc0287dc: ff48 8904 

  0x00000181fc0287e0: ;   {runtime_call throw_class_cast_exception Runtime1 stub}
  0x00000181fc0287e0: 24e8 fac1 

  0x00000181fc0287e4: ; ImmutableOopMap {[192]=Oop [216]=Oop [224]=Oop [240]=Oop [352]=Oop }
                      ;*checkcast {reexecute=0 rethrow=0 return_oop=0}
                      ; - org.springframework.beans.factory.support.AbstractAutowireCapableBeanFactory::getObjectForBeanInstance@7 (line 1271)
                      ; - org.springframework.beans.factory.support.AbstractBeanFactory::doGetBean@87 (line 259)
                      ;   {runtime_call throw_null_pointer_exception Runtime1 stub}
  0x00000181fc0287e4: a5ff e8f5 

  0x00000181fc0287e8: ; ImmutableOopMap {rbx=Oop [192]=Oop [240]=Oop [256]=Oop [280]=Oop [376]=Oop }
                      ;*new {reexecute=0 rethrow=0 return_oop=0}
                      ; - org.springframework.beans.factory.support.AbstractBeanFactory::doGetBean@375 (line 316)
  0x00000181fc0287e8: 8da5 ff48 

  0x00000181fc0287ec: ;   {runtime_call fast_new_instance_init_check Runtime1 stub}
  0x00000181fc0287ec: 8bd2 e86d 

  0x00000181fc0287f0: ; ImmutableOopMap {rbx=Oop [192]=Oop [240]=Oop [256]=Oop [280]=Oop [376]=Oop }
                      ;*new {reexecute=0 rethrow=0 return_oop=0}
                      ; - org.springframework.beans.factory.support.AbstractBeanFactory::doGetBean@375 (line 316)
  0x00000181fc0287f0: a1a5 ffe9 | b5f1 ffff 

  0x00000181fc0287f8: ;   {internal_word}
  0x00000181fc0287f8: 49ba 347a | 02fc 8101 | 0000 4d89 | 9760 0400 

  0x00000181fc028808: ;   {runtime_call SafepointBlob}
  0x00000181fc028808: 00e9 d2df 

  0x00000181fc02880c: ;   {internal_word}
  0x00000181fc02880c: 99ff 49ba | 647a 02fc | 8101 0000 | 4d89 9760 

  0x00000181fc02881c: ;   {runtime_call SafepointBlob}
  0x00000181fc02881c: 0400 00e9 | bcdf 99ff 

  0x00000181fc028824: ;   {internal_word}
  0x00000181fc028824: 49ba 9c7a | 02fc 8101 | 0000 4d89 | 9760 0400 

  0x00000181fc028834: ;   {runtime_call SafepointBlob}
  0x00000181fc028834: 00e9 a6df | 99ff 4889 

  0x00000181fc02883c: ;   {runtime_call throw_class_cast_exception Runtime1 stub}
  0x00000181fc02883c: 3424 e89d 

  0x00000181fc028840: ; ImmutableOopMap {rax=Oop rdi=Oop [200]=Oop [216]=Oop }
                      ;*checkcast {reexecute=0 rethrow=0 return_oop=0}
                      ; - org.springframework.beans.factory.support.AbstractBeanFactory::doGetBean@151 (line 274)
                      ;   {runtime_call throw_null_pointer_exception Runtime1 stub}
  0x00000181fc028840: c1a5 ffe8 

  0x00000181fc028844: ; ImmutableOopMap {rax=Oop rdi=Oop rdx=Oop [200]=Oop [216]=Oop }
                      ;*invokevirtual doGetBean {reexecute=0 rethrow=0 return_oop=0}
                      ; - org.springframework.beans.factory.support.AbstractBeanFactory::doGetBean@164 (line 275)
  0x00000181fc028844: 988d a5ff 

  0x00000181fc028848: ;   {internal_word}
  0x00000181fc028848: 49ba 0c7b | 02fc 8101 | 0000 4d89 | 9760 0400 

  0x00000181fc028858: ;   {runtime_call SafepointBlob}
  0x00000181fc028858: 00e9 82df 

  0x00000181fc02885c: ;   {internal_word}
  0x00000181fc02885c: 99ff 49ba | 847b 02fc | 8101 0000 | 4d89 9760 

  0x00000181fc02886c: ;   {runtime_call SafepointBlob}
  0x00000181fc02886c: 0400 00e9 | 6cdf 99ff | 49b9 0000 | 0000 0000 | 0000 b800 

  0x00000181fc028880: ;   {runtime_call load_appendix_patching Runtime1 stub}
  0x00000181fc028880: 0f05 0ae8 

  0x00000181fc028884: ; ImmutableOopMap {[192]=Oop [240]=Oop [256]=Oop [376]=Oop [384]=Oop [392]=Oop }
                      ;*invokedynamic {reexecute=1 rethrow=0 return_oop=0}
                      ; - (reexecute) org.springframework.beans.factory.support.AbstractBeanFactory::doGetBean@390 (line 316)
  0x00000181fc028884: 58ee a5ff | e93b f3ff | ff49 b900 | 0000 0000 | 0000 00b8 | 000f 050a 

  0x00000181fc02889c: ;   {runtime_call load_appendix_patching Runtime1 stub}
  0x00000181fc02889c: e83f eea5 

  0x00000181fc0288a0: ; ImmutableOopMap {[192]=Oop [240]=Oop [256]=Oop [400]=Oop [408]=Oop }
                      ;*invokedynamic {reexecute=1 rethrow=0 return_oop=0}
                      ; - (reexecute) org.springframework.beans.factory.support.AbstractBeanFactory::doGetBean@346 (line 308)
  0x00000181fc0288a0: ffe9 d2f3 | ffff 488b 

  0x00000181fc0288a8: ;   {runtime_call fast_new_instance Runtime1 stub}
  0x00000181fc0288a8: d2e8 3297 

  0x00000181fc0288ac: ; ImmutableOopMap {[192]=Oop [240]=Oop [312]=Oop }
                      ;*new {reexecute=0 rethrow=0 return_oop=0}
                      ; - org.springframework.beans.factory.support.AbstractBeanFactory::doGetBean@565 (line 359)
  0x00000181fc0288ac: a5ff e989 | f4ff ff49 | b800 0000 | 0000 0000 | 00b8 000f 

  0x00000181fc0288c0: ;   {runtime_call load_appendix_patching Runtime1 stub}
  0x00000181fc0288c0: 050a e819 

  0x00000181fc0288c4: ; ImmutableOopMap {rax=Oop [192]=Oop [240]=Oop [312]=Oop }
                      ;*invokedynamic {reexecute=1 rethrow=0 return_oop=0}
                      ; - (reexecute) org.springframework.beans.factory.support.AbstractBeanFactory::doGetBean@571 (line 359)
  0x00000181fc0288c4: eea5 ffe9 | 74f4 ffff 

  0x00000181fc0288cc: ;   {runtime_call fast_new_instance Runtime1 stub}
  0x00000181fc0288cc: 488b d2e8 

  0x00000181fc0288d0: ; ImmutableOopMap {[192]=Oop [240]=Oop }
                      ;*new {reexecute=0 rethrow=0 return_oop=0}
                      ; - org.springframework.beans.factory.support.AbstractBeanFactory::doGetBean@529 (line 355)
  0x00000181fc0288d0: 0c97 a5ff | e91b f5ff | ff49 b800 | 0000 0000 | 0000 00b8 | 000f 050a 

  0x00000181fc0288e8: ;   {runtime_call load_appendix_patching Runtime1 stub}
  0x00000181fc0288e8: e8f3 eda5 

  0x00000181fc0288ec: ; ImmutableOopMap {rax=Oop [192]=Oop [240]=Oop }
                      ;*invokedynamic {reexecute=1 rethrow=0 return_oop=0}
                      ; - (reexecute) org.springframework.beans.factory.support.AbstractBeanFactory::doGetBean@535 (line 355)
  0x00000181fc0288ec: ffe9 06f5 

  0x00000181fc0288f0: ;   {runtime_call throw_null_pointer_exception Runtime1 stub}
  0x00000181fc0288f0: ffff e8e9 

  0x00000181fc0288f4: ; ImmutableOopMap {[192]=Oop [200]=Oop [216]=Oop [224]=Oop [240]=Oop [280]=Oop }
                      ;*new {reexecute=0 rethrow=0 return_oop=0}
                      ; - org.springframework.beans.factory.support.AbstractBeanFactory::checkMergedBeanDefinition@7 (line 1456)
                      ; - org.springframework.beans.factory.support.AbstractBeanFactory::doGetBean@279 (line 301)
  0x00000181fc0288f4: 8ca5 ff48 

  0x00000181fc0288f8: ;   {runtime_call fast_new_instance_init_check Runtime1 stub}
  0x00000181fc0288f8: 8bd2 e861 

  0x00000181fc0288fc: ; ImmutableOopMap {[192]=Oop [200]=Oop [216]=Oop [224]=Oop [240]=Oop [280]=Oop }
                      ;*new {reexecute=0 rethrow=0 return_oop=0}
                      ; - org.springframework.beans.factory.support.AbstractBeanFactory::checkMergedBeanDefinition@7 (line 1456)
                      ; - org.springframework.beans.factory.support.AbstractBeanFactory::doGetBean@279 (line 301)
  0x00000181fc0288fc: a0a5 ffe9 | b9f5 ffff 

  0x00000181fc028904: ;   {runtime_call fast_new_instance Runtime1 stub}
  0x00000181fc028904: 488b d2e8 

  0x00000181fc028908: ; ImmutableOopMap {[192]=Oop [200]=Oop [216]=Oop [224]=Oop [240]=Oop }
                      ;*new {reexecute=0 rethrow=0 return_oop=0}
                      ; - java.util.Objects::requireNonNull@4 (line 220)
                      ; - org.springframework.beans.factory.support.AbstractBeanFactory::doGetBean@250 (line 298)
  0x00000181fc028908: d496 a5ff | e947 f6ff | ff48 8bd2 

  0x00000181fc028914: ;   {runtime_call fast_new_instance Runtime1 stub}
  0x00000181fc028914: e8c7 96a5 

  0x00000181fc028918: ; ImmutableOopMap {[192]=Oop [200]=Oop [216]=Oop [224]=Oop [240]=Oop [248]=Oop }
                      ;*new {reexecute=0 rethrow=0 return_oop=0}
                      ; - org.springframework.util.Assert::notNull@4 (line 172)
                      ; - org.springframework.beans.factory.support.DefaultListableBeanFactory::containsBeanDefinition@3 (line 366)
                      ; - org.springframework.beans.factory.support.AbstractBeanFactory::doGetBean@128 (line 271)
  0x00000181fc028918: ffe9 cef6 

  0x00000181fc02891c: ;   {runtime_call throw_null_pointer_exception Runtime1 stub}
  0x00000181fc02891c: ffff e8bd 

  0x00000181fc028920: ; ImmutableOopMap {[240]=Oop }
                      ;*new {reexecute=0 rethrow=0 return_oop=0}
                      ; - org.springframework.beans.factory.support.AbstractBeanFactory::doGetBean@104 (line 266)
  0x00000181fc028920: 8ca5 ff48 

  0x00000181fc028924: ;   {runtime_call fast_new_instance_init_check Runtime1 stub}
  0x00000181fc028924: 8bd2 e835 

  0x00000181fc028928: ; ImmutableOopMap {[240]=Oop }
                      ;*new {reexecute=0 rethrow=0 return_oop=0}
                      ; - org.springframework.beans.factory.support.AbstractBeanFactory::doGetBean@104 (line 266)
  0x00000181fc028928: a0a5 ffe9 | 5af7 ffff 

  0x00000181fc028930: ;   {runtime_call throw_null_pointer_exception Runtime1 stub}
  0x00000181fc028930: e8ab 8ca5 

  0x00000181fc028934: ; ImmutableOopMap {r9=Oop rbx=Oop [192]=Oop [240]=Oop }
                      ;*new {reexecute=0 rethrow=0 return_oop=0}
                      ; - org.springframework.beans.factory.support.AbstractBeanFactory::doGetBean@620 (line 374)
  0x00000181fc028934: ff48 8bd2 

  0x00000181fc028938: ;   {runtime_call fast_new_instance_init_check Runtime1 stub}
  0x00000181fc028938: e823 a0a5 

  0x00000181fc02893c: ; ImmutableOopMap {r9=Oop rbx=Oop [192]=Oop [240]=Oop }
                      ;*new {reexecute=0 rethrow=0 return_oop=0}
                      ; - org.springframework.beans.factory.support.AbstractBeanFactory::doGetBean@620 (line 374)
  0x00000181fc02893c: ffe9 fef7 | ffff 488d | 8424 f801 | 0000 4889 

  0x00000181fc02894c: ;   {runtime_call monitorexit_nofpu Runtime1 stub}
  0x00000181fc02894c: 0424 e88d | d3a5 ffe9 | 24f9 ffff 

  0x00000181fc028958: ;   {runtime_call throw_null_pointer_exception Runtime1 stub}
  0x00000181fc028958: e883 8ca5 

  0x00000181fc02895c: ; ImmutableOopMap {rax=Oop rdx=Oop [192]=Oop [240]=Oop }
                      ;*invokevirtual toString {reexecute=0 rethrow=0 return_oop=0}
                      ; - org.springframework.beans.factory.support.AbstractBeanFactory::doGetBean@669 (line 379)
                      ;   {runtime_call throw_null_pointer_exception Runtime1 stub}
  0x00000181fc02895c: ffe8 7e8c 

  0x00000181fc028960: ; ImmutableOopMap {rax=Oop [192]=Oop [240]=Oop [480]=Oop }
                      ;*invokevirtual toString {reexecute=0 rethrow=0 return_oop=0}
                      ; - java.lang.String::valueOf@11 (line 4556)
                      ; - org.springframework.beans.factory.support.AbstractBeanFactory::doGetBean@688 (line 380)
                      ;   {runtime_call throw_null_pointer_exception Runtime1 stub}
  0x00000181fc028960: a5ff e879 

  0x00000181fc028964: ; ImmutableOopMap {rdx=Oop rsi=Oop [192]=Oop [240]=Oop [480]=Oop }
                      ;*monitorenter {reexecute=0 rethrow=0 return_oop=0}
                      ; - org.springframework.beans.factory.support.AbstractBeanFactory::cleanupAfterBeanCreationFailure@6 (line 1730)
                      ; - org.springframework.beans.factory.support.AbstractBeanFactory::doGetBean@700 (line 381)
  0x00000181fc028964: 8ca5 ff48 | 8974 2408 | 4c89 0424 

  0x00000181fc028970: ;   {runtime_call monitorenter_nofpu Runtime1 stub}
  0x00000181fc028970: e8eb cca5 

  0x00000181fc028974: ; ImmutableOopMap {rdx=Oop rsi=Oop [192]=Oop [240]=Oop [480]=Oop [512]=Oop }
                      ;*monitorenter {reexecute=0 rethrow=0 return_oop=0}
                      ; - org.springframework.beans.factory.support.AbstractBeanFactory::cleanupAfterBeanCreationFailure@6 (line 1730)
                      ; - org.springframework.beans.factory.support.AbstractBeanFactory::doGetBean@700 (line 381)
  0x00000181fc028974: ffe9 0ffa | ffff 488d | 8424 f801 | 0000 4889 

  0x00000181fc028984: ;   {runtime_call monitorexit_nofpu Runtime1 stub}
  0x00000181fc028984: 0424 e855 | d3a5 ffe9 | 8efa ffff | 488d 8424 | f801 0000 | 4889 0424 

  0x00000181fc02899c: ;   {runtime_call monitorexit_nofpu Runtime1 stub}
  0x00000181fc02899c: e83f d3a5 | ffe9 10fb | ffff 4889 

  0x00000181fc0289a8: ;   {runtime_call throw_class_cast_exception Runtime1 stub}
  0x00000181fc0289a8: 0424 e831 

  0x00000181fc0289ac: ; ImmutableOopMap {[192]=Oop [240]=Oop [496]=Oop }
                      ;*checkcast {reexecute=0 rethrow=0 return_oop=0}
                      ; - org.springframework.beans.factory.support.AbstractBeanFactory::clearMergedBeanDefinition@10 (line 1466)
                      ; - org.springframework.beans.factory.support.DefaultListableBeanFactory::clearMergedBeanDefinition@2 (line 910)
                      ; - org.springframework.beans.factory.support.AbstractBeanFactory::doGetBean@725 (line 387)
                      ;   {runtime_call throw_null_pointer_exception Runtime1 stub}
  0x00000181fc0289ac: c0a5 ffe8 

  0x00000181fc0289b0: ; ImmutableOopMap {[192]=Oop [240]=Oop [496]=Oop }
                      ;*putfield stale {reexecute=1 rethrow=0 return_oop=0}
                      ; - (reexecute) org.springframework.beans.factory.support.AbstractBeanFactory::clearMergedBeanDefinition@20 (line 1468)
                      ; - org.springframework.beans.factory.support.DefaultListableBeanFactory::clearMergedBeanDefinition@2 (line 910)
                      ; - org.springframework.beans.factory.support.AbstractBeanFactory::doGetBean@725 (line 387)
  0x00000181fc0289b0: 2c8c a5ff 

  0x00000181fc0289b4: ;   {runtime_call throw_null_pointer_exception Runtime1 stub}
  0x00000181fc0289b4: e827 8ca5 

  0x00000181fc0289b8: ; ImmutableOopMap {rax=Oop [192]=Oop [200]=Oop [216]=Oop [224]=Oop [240]=Oop }
                      ;*invokestatic linkToSpecial {reexecute=0 rethrow=0 return_oop=0}
                      ; - java.lang.invoke.DirectMethodHandle$Holder::newInvokeSpecial@16
                      ; - java.lang.invoke.Invokers$Holder::linkToTargetMethod@5
                      ; - org.springframework.beans.factory.support.AbstractBeanFactory::doGetBean@254 (line 298)
                      ;   {runtime_call throw_null_pointer_exception Runtime1 stub}
  0x00000181fc0289b8: ffe8 228c 

  0x00000181fc0289bc: ; ImmutableOopMap {rax=Oop [192]=Oop [200]=Oop [216]=Oop [224]=Oop [240]=Oop [280]=Oop }
                      ;*invokestatic linkToSpecial {reexecute=0 rethrow=0 return_oop=0}
                      ; - java.lang.invoke.DirectMethodHandle$Holder::newInvokeSpecial@24
                      ; - java.lang.invoke.Invokers$Holder::linkToTargetMethod@9
                      ; - org.springframework.beans.factory.support.AbstractBeanFactory::doGetBean@424 (line 324)
  0x00000181fc0289bc: a5ff 4c8b | ac24 0001 | 0000 8b8c | 24d4 0000 | 00e9 02f8 | ffff 4c8b | 8c24 3801 | 0000 e9da 
  0x00000181fc0289dc: f6ff ff4c | 8b8c 2438 | 0100 00e9 | cdf6 ffff | 4c8b 8c24 | 3801 0000 | e9c0 f6ff | ff4c 8b8c 
  0x00000181fc0289fc: 2438 0100 | 00e9 b3f6 | ffff 4c8b | 8c24 3801 | 0000 e9a6 | f6ff ff4c | 8b84 24e0 | 0100 00e9 
  0x00000181fc028a1c: 16fa ffff | 4889 bc24 | f000 0000 | e962 f8ff | ff48 89bc | 24f0 0000 | 00e9 8ffa | ffff 4c8b 
  0x00000181fc028a3c: 8c24 3801 | 0000 e972 | f6ff ff4c | 8b8c 2438 | 0100 00e9 | 65f6 ffff | 4c8b 8c24 | 3801 0000 
  0x00000181fc028a5c: e958 f6ff | ff49 8b87 | 0005 0000 | 49c7 8700 | 0500 0000 | 0000 0049 | c787 0805 | 0000 0000 
  0x00000181fc028a7c: 0000 4881 | c410 0200 

  0x00000181fc028a84: ;   {runtime_call unwind_exception Runtime1 stub}
  0x00000181fc028a84: 005d e9d5 | 76a5 fff4 | f4f4 f4f4 
[Stub Code]
  0x00000181fc028a90: ;   {no_reloc}
  0x00000181fc028a90: 0f1f 4400 

  0x00000181fc028a94: ;   {static_stub}
  0x00000181fc028a94: 0048 bb00 | 0000 0000 

  0x00000181fc028a9c: ;   {runtime_call nmethod}
  0x00000181fc028a9c: 0000 00e9 | fbff ffff 

  0x00000181fc028aa4: ;   {static_stub}
  0x00000181fc028aa4: 9048 bb00 | 0000 0000 

  0x00000181fc028aac: ;   {runtime_call nmethod}
  0x00000181fc028aac: 0000 00e9 | fbff ffff 

  0x00000181fc028ab4: ;   {static_stub}
  0x00000181fc028ab4: 9048 bbe8 | b58f c581 

  0x00000181fc028abc: ;   {runtime_call I2C/C2I adapters}
  0x00000181fc028abc: 0100 00e9 | 72c1 99ff 

  0x00000181fc028ac4: ;   {static_stub}
  0x00000181fc028ac4: 9048 bb00 | 0000 0000 

  0x00000181fc028acc: ;   {runtime_call nmethod}
  0x00000181fc028acc: 0000 00e9 | fbff ffff 

  0x00000181fc028ad4: ;   {static_stub}
  0x00000181fc028ad4: 9048 bb78 | da8f c581 

  0x00000181fc028adc: ;   {runtime_call I2C/C2I adapters}
  0x00000181fc028adc: 0100 00e9 | 52c1 99ff 

  0x00000181fc028ae4: ;   {static_stub}
  0x00000181fc028ae4: 9048 bb00 | 0000 0000 

  0x00000181fc028aec: ;   {runtime_call nmethod}
  0x00000181fc028aec: 0000 00e9 | fbff ffff 

  0x00000181fc028af4: ;   {static_stub}
  0x00000181fc028af4: 9048 bb60 | 4390 c581 

  0x00000181fc028afc: ;   {runtime_call I2C/C2I adapters}
  0x00000181fc028afc: 0100 00e9 | 364c 99ff 

  0x00000181fc028b04: ;   {static_stub}
  0x00000181fc028b04: 9048 bb00 | 0000 0000 

  0x00000181fc028b0c: ;   {runtime_call nmethod}
  0x00000181fc028b0c: 0000 00e9 | fbff ffff 

  0x00000181fc028b14: ;   {static_stub}
  0x00000181fc028b14: 9048 bb70 | 3490 c581 

  0x00000181fc028b1c: ;   {runtime_call I2C/C2I adapters}
  0x00000181fc028b1c: 0100 00e9 | 164c 99ff 

  0x00000181fc028b24: ;   {static_stub}
  0x00000181fc028b24: 9048 bb00 | 0000 0000 

  0x00000181fc028b2c: ;   {runtime_call nmethod}
  0x00000181fc028b2c: 0000 00e9 | fbff ffff 

  0x00000181fc028b34: ;   {static_stub}
  0x00000181fc028b34: 9048 bb00 | 0000 0000 

  0x00000181fc028b3c: ;   {runtime_call nmethod}
  0x00000181fc028b3c: 0000 00e9 | fbff ffff 

  0x00000181fc028b44: ;   {static_stub}
  0x00000181fc028b44: 9048 bb00 | 0000 0000 

  0x00000181fc028b4c: ;   {runtime_call nmethod}
  0x00000181fc028b4c: 0000 00e9 | fbff ffff 

  0x00000181fc028b54: ;   {static_stub}
  0x00000181fc028b54: 9048 bb00 | 0000 0000 

  0x00000181fc028b5c: ;   {runtime_call nmethod}
  0x00000181fc028b5c: 0000 00e9 | fbff ffff 

  0x00000181fc028b64: ;   {static_stub}
  0x00000181fc028b64: 9048 bb00 | 0000 0000 

  0x00000181fc028b6c: ;   {runtime_call nmethod}
  0x00000181fc028b6c: 0000 00e9 | fbff ffff 

  0x00000181fc028b74: ;   {static_stub}
  0x00000181fc028b74: 9048 bb00 | 0000 0000 

  0x00000181fc028b7c: ;   {runtime_call nmethod}
  0x00000181fc028b7c: 0000 00e9 | fbff ffff 

  0x00000181fc028b84: ;   {static_stub}
  0x00000181fc028b84: 9048 bb00 | 0000 0000 

  0x00000181fc028b8c: ;   {runtime_call nmethod}
  0x00000181fc028b8c: 0000 00e9 | fbff ffff 

  0x00000181fc028b94: ;   {static_stub}
  0x00000181fc028b94: 9048 bb00 | 0000 0000 

  0x00000181fc028b9c: ;   {runtime_call nmethod}
  0x00000181fc028b9c: 0000 00e9 | fbff ffff 

  0x00000181fc028ba4: ;   {static_stub}
  0x00000181fc028ba4: 9048 bb00 | 0000 0000 

  0x00000181fc028bac: ;   {runtime_call nmethod}
  0x00000181fc028bac: 0000 00e9 | fbff ffff 

  0x00000181fc028bb4: ;   {static_stub}
  0x00000181fc028bb4: 9048 bb00 | 0000 0000 

  0x00000181fc028bbc: ;   {runtime_call nmethod}
  0x00000181fc028bbc: 0000 00e9 | fbff ffff 

  0x00000181fc028bc4: ;   {static_stub}
  0x00000181fc028bc4: 9048 bb00 | 0000 0000 

  0x00000181fc028bcc: ;   {runtime_call nmethod}
  0x00000181fc028bcc: 0000 00e9 | fbff ffff 

  0x00000181fc028bd4: ;   {static_stub}
  0x00000181fc028bd4: 9048 bb00 | 0000 0000 

  0x00000181fc028bdc: ;   {runtime_call nmethod}
  0x00000181fc028bdc: 0000 00e9 | fbff ffff 

  0x00000181fc028be4: ;   {static_stub}
  0x00000181fc028be4: 9048 bb00 | 0000 0000 

  0x00000181fc028bec: ;   {runtime_call nmethod}
  0x00000181fc028bec: 0000 00e9 | fbff ffff 

  0x00000181fc028bf4: ;   {static_stub}
  0x00000181fc028bf4: 9048 bb00 | 0000 0000 

  0x00000181fc028bfc: ;   {runtime_call nmethod}
  0x00000181fc028bfc: 0000 00e9 | fbff ffff 

  0x00000181fc028c04: ;   {static_stub}
  0x00000181fc028c04: 9048 bb00 | 0000 0000 

  0x00000181fc028c0c: ;   {runtime_call nmethod}
  0x00000181fc028c0c: 0000 00e9 | fbff ffff 

  0x00000181fc028c14: ;   {static_stub}
  0x00000181fc028c14: 9048 bb00 | 0000 0000 

  0x00000181fc028c1c: ;   {runtime_call nmethod}
  0x00000181fc028c1c: 0000 00e9 | fbff ffff 

  0x00000181fc028c24: ;   {static_stub}
  0x00000181fc028c24: 9048 bb00 | 0000 0000 

  0x00000181fc028c2c: ;   {runtime_call nmethod}
  0x00000181fc028c2c: 0000 00e9 | fbff ffff 

  0x00000181fc028c34: ;   {static_stub}
  0x00000181fc028c34: 9048 bb00 | 0000 0000 

  0x00000181fc028c3c: ;   {runtime_call nmethod}
  0x00000181fc028c3c: 0000 00e9 | fbff ffff 

  0x00000181fc028c44: ;   {static_stub}
  0x00000181fc028c44: 9048 bb00 | 0000 0000 

  0x00000181fc028c4c: ;   {runtime_call nmethod}
  0x00000181fc028c4c: 0000 00e9 | fbff ffff 

  0x00000181fc028c54: ;   {static_stub}
  0x00000181fc028c54: 9048 bb00 | 0000 0000 

  0x00000181fc028c5c: ;   {runtime_call nmethod}
  0x00000181fc028c5c: 0000 00e9 | fbff ffff 

  0x00000181fc028c64: ;   {static_stub}
  0x00000181fc028c64: 9048 bb00 | 0000 0000 

  0x00000181fc028c6c: ;   {runtime_call nmethod}
  0x00000181fc028c6c: 0000 00e9 | fbff ffff 

  0x00000181fc028c74: ;   {static_stub}
  0x00000181fc028c74: 9048 bb00 | 0000 0000 

  0x00000181fc028c7c: ;   {runtime_call nmethod}
  0x00000181fc028c7c: 0000 00e9 | fbff ffff 

  0x00000181fc028c84: ;   {static_stub}
  0x00000181fc028c84: 9048 bb00 | 0000 0000 

  0x00000181fc028c8c: ;   {runtime_call nmethod}
  0x00000181fc028c8c: 0000 00e9 | fbff ffff 

  0x00000181fc028c94: ;   {static_stub}
  0x00000181fc028c94: 9048 bb00 | 0000 0000 

  0x00000181fc028c9c: ;   {runtime_call nmethod}
  0x00000181fc028c9c: 0000 00e9 | fbff ffff 

  0x00000181fc028ca4: ;   {static_stub}
  0x00000181fc028ca4: 9048 bb00 | 0000 0000 

  0x00000181fc028cac: ;   {runtime_call nmethod}
  0x00000181fc028cac: 0000 00e9 | fbff ffff 

  0x00000181fc028cb4: ;   {static_stub}
  0x00000181fc028cb4: 9048 bb00 | 0000 0000 

  0x00000181fc028cbc: ;   {runtime_call nmethod}
  0x00000181fc028cbc: 0000 00e9 | fbff ffff 

  0x00000181fc028cc4: ;   {static_stub}
  0x00000181fc028cc4: 9048 bb00 | 0000 0000 

  0x00000181fc028ccc: ;   {runtime_call nmethod}
  0x00000181fc028ccc: 0000 00e9 | fbff ffff 

  0x00000181fc028cd4: ;   {static_stub}
  0x00000181fc028cd4: 9048 bb00 | 0000 0000 

  0x00000181fc028cdc: ;   {runtime_call nmethod}
  0x00000181fc028cdc: 0000 00e9 | fbff ffff 

  0x00000181fc028ce4: ;   {static_stub}
  0x00000181fc028ce4: 9048 bb00 | 0000 0000 

  0x00000181fc028cec: ;   {runtime_call nmethod}
  0x00000181fc028cec: 0000 00e9 | fbff ffff 

  0x00000181fc028cf4: ;   {static_stub}
  0x00000181fc028cf4: 9048 bb00 | 0000 0000 

  0x00000181fc028cfc: ;   {runtime_call nmethod}
  0x00000181fc028cfc: 0000 00e9 | fbff ffff 

  0x00000181fc028d04: ;   {static_stub}
  0x00000181fc028d04: 9048 bb00 | 0000 0000 

  0x00000181fc028d0c: ;   {runtime_call nmethod}
  0x00000181fc028d0c: 0000 00e9 | fbff ffff 

  0x00000181fc028d14: ;   {static_stub}
  0x00000181fc028d14: 9048 bb00 | 0000 0000 

  0x00000181fc028d1c: ;   {runtime_call nmethod}
  0x00000181fc028d1c: 0000 00e9 | fbff ffff 

  0x00000181fc028d24: ;   {static_stub}
  0x00000181fc028d24: 9048 bb00 | 0000 0000 

  0x00000181fc028d2c: ;   {runtime_call nmethod}
  0x00000181fc028d2c: 0000 00e9 | fbff ffff 

  0x00000181fc028d34: ;   {static_stub}
  0x00000181fc028d34: 9048 bb00 | 0000 0000 

  0x00000181fc028d3c: ;   {runtime_call nmethod}
  0x00000181fc028d3c: 0000 00e9 | fbff ffff 

  0x00000181fc028d44: ;   {static_stub}
  0x00000181fc028d44: 9048 bb00 | 0000 0000 

  0x00000181fc028d4c: ;   {runtime_call nmethod}
  0x00000181fc028d4c: 0000 00e9 | fbff ffff 

  0x00000181fc028d54: ;   {static_stub}
  0x00000181fc028d54: 9048 bb00 | 0000 0000 

  0x00000181fc028d5c: ;   {runtime_call nmethod}
  0x00000181fc028d5c: 0000 00e9 | fbff ffff 

  0x00000181fc028d64: ;   {static_stub}
  0x00000181fc028d64: 9048 bb00 | 0000 0000 

  0x00000181fc028d6c: ;   {runtime_call nmethod}
  0x00000181fc028d6c: 0000 00e9 | fbff ffff 

  0x00000181fc028d74: ;   {static_stub}
  0x00000181fc028d74: 9048 bb00 | 0000 0000 

  0x00000181fc028d7c: ;   {runtime_call nmethod}
  0x00000181fc028d7c: 0000 00e9 | fbff ffff 

  0x00000181fc028d84: ;   {static_stub}
  0x00000181fc028d84: 9048 bb00 | 0000 0000 

  0x00000181fc028d8c: ;   {runtime_call nmethod}
  0x00000181fc028d8c: 0000 00e9 | fbff ffff 

  0x00000181fc028d94: ;   {static_stub}
  0x00000181fc028d94: 9048 bb00 | 0000 0000 

  0x00000181fc028d9c: ;   {runtime_call nmethod}
  0x00000181fc028d9c: 0000 00e9 | fbff ffff 

  0x00000181fc028da4: ;   {static_stub}
  0x00000181fc028da4: 9048 bb00 | 0000 0000 

  0x00000181fc028dac: ;   {runtime_call nmethod}
  0x00000181fc028dac: 0000 00e9 | fbff ffff 

  0x00000181fc028db4: ;   {static_stub}
  0x00000181fc028db4: 9048 bb00 | 0000 0000 

  0x00000181fc028dbc: ;   {runtime_call nmethod}
  0x00000181fc028dbc: 0000 00e9 | fbff ffff 

  0x00000181fc028dc4: ;   {static_stub}
  0x00000181fc028dc4: 9048 bb00 | 0000 0000 

  0x00000181fc028dcc: ;   {runtime_call nmethod}
  0x00000181fc028dcc: 0000 00e9 | fbff ffff 

  0x00000181fc028dd4: ;   {static_stub}
  0x00000181fc028dd4: 9048 bb00 | 0000 0000 

  0x00000181fc028ddc: ;   {runtime_call nmethod}
  0x00000181fc028ddc: 0000 00e9 | fbff ffff 

  0x00000181fc028de4: ;   {static_stub}
  0x00000181fc028de4: 9048 bb00 | 0000 0000 

  0x00000181fc028dec: ;   {runtime_call nmethod}
  0x00000181fc028dec: 0000 00e9 | fbff ffff 

  0x00000181fc028df4: ;   {static_stub}
  0x00000181fc028df4: 48bb 0000 | 0000 0000 

  0x00000181fc028dfc: ;   {runtime_call nmethod}
  0x00000181fc028dfc: 0000 e9fb 

  0x00000181fc028e00: ;   {static_stub}
  0x00000181fc028e00: ffff ff48 | bb00 0000 | 0000 0000 

  0x00000181fc028e0c: ;   {runtime_call nmethod}
  0x00000181fc028e0c: 00e9 fbff 

  0x00000181fc028e10: ;   {static_stub}
  0x00000181fc028e10: ffff 48bb | 0000 0000 | 0000 0000 

  0x00000181fc028e1c: ;   {runtime_call nmethod}
  0x00000181fc028e1c: e9fb ffff 

  0x00000181fc028e20: ;   {static_stub}
  0x00000181fc028e20: ff48 bb00 | 0000 0000 

  0x00000181fc028e28: ;   {runtime_call nmethod}
  0x00000181fc028e28: 0000 00e9 | fbff ffff 

  0x00000181fc028e30: ;   {static_stub}
  0x00000181fc028e30: 48bb 0000 | 0000 0000 

  0x00000181fc028e38: ;   {runtime_call nmethod}
  0x00000181fc028e38: 0000 e9fb 

  0x00000181fc028e3c: ;   {static_stub}
  0x00000181fc028e3c: ffff ff48 | bb00 0000 | 0000 0000 

  0x00000181fc028e48: ;   {runtime_call nmethod}
  0x00000181fc028e48: 00e9 fbff 

  0x00000181fc028e4c: ;   {static_stub}
  0x00000181fc028e4c: ffff 48bb | 0000 0000 | 0000 0000 

  0x00000181fc028e58: ;   {runtime_call nmethod}
  0x00000181fc028e58: e9fb ffff 

  0x00000181fc028e5c: ;   {static_stub}
  0x00000181fc028e5c: ff48 bb00 | 0000 0000 

  0x00000181fc028e64: ;   {runtime_call nmethod}
  0x00000181fc028e64: 0000 00e9 | fbff ffff 

  0x00000181fc028e6c: ;   {static_stub}
  0x00000181fc028e6c: 48bb 5046 | 90c5 8101 

  0x00000181fc028e74: ;   {runtime_call I2C/C2I adapters}
  0x00000181fc028e74: 0000 e9c3 

  0x00000181fc028e78: ;   {static_stub}
  0x00000181fc028e78: 9d98 ff48 | bb30 9416 | 8481 0100 

  0x00000181fc028e84: ;   {runtime_call I2C/C2I adapters}
  0x00000181fc028e84: 00e9 28ad 

  0x00000181fc028e88: ;   {runtime_call handle_exception_from_callee Runtime1 stub}
  0x00000181fc028e88: 99ff e851 

  0x00000181fc028e8c: ;   {external_word}
  0x00000181fc028e8c: b5a5 ff48 | b940 d598 | b7f8 7f00 | 0048 83e4 

  0x00000181fc028e9c: ;   {runtime_call}
  0x00000181fc028e9c: f048 b870 | 4a5f b7f8 | 7f00 00ff 

  0x00000181fc028ea8: ;   {section_word}
  0x00000181fc028ea8: d0f4 49ba | aa8e 02fc | 8101 0000 

  0x00000181fc028eb4: ;   {runtime_call DeoptimizationBlob}
  0x00000181fc028eb4: 4152 e945 | ed99 fff4 | f4f4 f4f4 
[/MachCode]


Compiled method (c1) 10576 3158       1       org.springframework.beans.factory.support.AbstractBeanFactory::getBean (9 bytes)
 total in heap  [0x00000181fc022288,0x00000181fc0224b8] = 560
 relocation     [0x00000181fc022360,0x00000181fc022398] = 56
 main code      [0x00000181fc0223a0,0x00000181fc022450] = 176
 stub code      [0x00000181fc022450,0x00000181fc022498] = 72
 oops           [0x00000181fc022498,0x00000181fc0224a0] = 8
 metadata       [0x00000181fc0224a0,0x00000181fc0224b8] = 24
 immutable data [0x00000181ca71ca30,0x00000181ca71ca78] = 72
 dependencies   [0x00000181ca71ca30,0x00000181ca71ca38] = 8
 scopes pcs     [0x00000181ca71ca38,0x00000181ca71ca68] = 48
 scopes data    [0x00000181ca71ca68,0x00000181ca71ca78] = 16

[Constant Pool (empty)]

[MachCode]
[Instructions begin]
  0x00000181fc0223a0: 6666 660f | 1f84 0000 | 0000 0066 | 6666 9066 | 6690 448b | 5208 443b 

  0x00000181fc0223b8: ;   {runtime_call ic_miss_stub}
  0x00000181fc0223b8: 5008 0f85 | 20c3 99ff 
[Verified Entry Point]
  0x00000181fc0223c0: 8984 2400 | 80ff ff55 | 4883 ec40 | 4181 7f20 | 0400 0000 

  0x00000181fc0223d4: ;   {runtime_call StubRoutines (final stubs)}
  0x00000181fc0223d4: 7405 e885 

  0x00000181fc0223d8: ;   {oop(nullptr)}
  0x00000181fc0223d8: 7f98 ff48 | bf00 0000 | 0000 0000 | 00be 0000 | 0000 0f1f 

  0x00000181fc0223ec: ;   {optimized virtual_call}
  0x00000181fc0223ec: 4400 00e8 

  0x00000181fc0223f0: ; ImmutableOopMap {}
                      ;*invokevirtual doGetBean {reexecute=0 rethrow=0 return_oop=0}
                      ; - org.springframework.beans.factory.support.AbstractBeanFactory::getBean@5 (line 205)
  0x00000181fc0223f0: 2c46 0000 

  0x00000181fc0223f4: ;   {other}
  0x00000181fc0223f4: 0f1f 8400 | 6c01 0000 | 4883 c440 

  0x00000181fc022400: ;   {poll_return}
  0x00000181fc022400: 5d49 3ba7 | 4804 0000 | 0f87 0100 

  0x00000181fc02240c: ;   {internal_word}
  0x00000181fc02240c: 0000 c349 | ba01 2402 | fc81 0100 | 004d 8997 | 6004 0000 

  0x00000181fc022420: ;   {runtime_call SafepointBlob}
  0x00000181fc022420: e9bb 439a | ff49 8b87 | 0005 0000 | 49c7 8700 | 0500 0000 | 0000 0049 | c787 0805 | 0000 0000 
  0x00000181fc022440: 0000 4883 

  0x00000181fc022444: ;   {runtime_call unwind_exception Runtime1 stub}
  0x00000181fc022444: c440 5de9 | 14dd a5ff | f4f4 f4f4 
[Stub Code]
  0x00000181fc022450: ;   {no_reloc}
  0x00000181fc022450: 0f1f 4400 

  0x00000181fc022454: ;   {static_stub}
  0x00000181fc022454: 0048 bbe0 | 6f8f c581 

  0x00000181fc02245c: ;   {runtime_call I2C/C2I adapters}
  0x00000181fc02245c: 0100 00e9 | 5dd8 97ff 
[Exception Handler]
  0x00000181fc022464: ;   {runtime_call handle_exception_from_callee Runtime1 stub}
  0x00000181fc022464: e877 1fa6 

  0x00000181fc022468: ;   {external_word}
  0x00000181fc022468: ff48 b940 | d598 b7f8 | 7f00 0048 

  0x00000181fc022474: ;   {runtime_call}
  0x00000181fc022474: 83e4 f048 | b870 4a5f | b7f8 7f00 | 00ff d0f4 
[Deopt Handler Code]
  0x00000181fc022484: ;   {section_word}
  0x00000181fc022484: 49ba 8424 | 02fc 8101 | 0000 4152 

  0x00000181fc022490: ;   {runtime_call DeoptimizationBlob}
  0x00000181fc022490: e96b 579a | fff4 f4f4 
[/MachCode]


---------------  P R O C E S S  ---------------

Threads class SMR info:
_java_thread_list=0x00000181cb172b80, length=16, elements={
0x00000181f327dfd0, 0x00000181c900fbc0, 0x00000181c9011190, 0x00000181c9013300,
0x00000181c9013fe0, 0x00000181c90155b0, 0x00000181c9016b80, 0x00000181c9020290,
0x00000181c9091130, 0x00000181c91a0aa0, 0x00000181c91a2d30, 0x00000181c980df30,
0x00000181c981fec0, 0x00000181cad29030, 0x00000181c97d9360, 0x00000181c95b0b10
}

Java Threads: ( => current thread )
=>0x00000181f327dfd0 JavaThread "main"                              [_thread_in_vm, id=22612, stack(0x000000128a100000,0x000000128a200000) (1024K)]
  0x00000181c900fbc0 JavaThread "Reference Handler"          daemon [_thread_blocked, id=19008, stack(0x000000128a900000,0x000000128aa00000) (1024K)]
  0x00000181c9011190 JavaThread "Finalizer"                  daemon [_thread_blocked, id=25420, stack(0x000000128aa00000,0x000000128ab00000) (1024K)]
  0x00000181c9013300 JavaThread "Signal Dispatcher"          daemon [_thread_blocked, id=24004, stack(0x000000128ab00000,0x000000128ac00000) (1024K)]
  0x00000181c9013fe0 JavaThread "Attach Listener"            daemon [_thread_blocked, id=15460, stack(0x000000128ac00000,0x000000128ad00000) (1024K)]
  0x00000181c90155b0 JavaThread "Service Thread"             daemon [_thread_blocked, id=21064, stack(0x000000128ad00000,0x000000128ae00000) (1024K)]
  0x00000181c9016b80 JavaThread "Monitor Deflation Thread"   daemon [_thread_blocked, id=23304, stack(0x000000128ae00000,0x000000128af00000) (1024K)]
  0x00000181c9020290 JavaThread "C1 CompilerThread0"         daemon [_thread_blocked, id=5364, stack(0x000000128af00000,0x000000128b000000) (1024K)]
  0x00000181c9091130 JavaThread "C1 CompilerThread1"         daemon [_thread_blocked, id=23220, stack(0x000000128b000000,0x000000128b100000) (1024K)]
  0x00000181c91a0aa0 JavaThread "Notification Thread"        daemon [_thread_blocked, id=13728, stack(0x000000128b100000,0x000000128b200000) (1024K)]
  0x00000181c91a2d30 JavaThread "Common-Cleaner"             daemon [_thread_blocked, id=11732, stack(0x000000128b200000,0x000000128b300000) (1024K)]
  0x00000181c980df30 JavaThread "C1 CompilerThread2"         daemon [_thread_blocked, id=24964, stack(0x000000128b300000,0x000000128b400000) (1024K)]
  0x00000181c981fec0 JavaThread "C1 CompilerThread3"         daemon [_thread_blocked, id=22716, stack(0x000000128b400000,0x000000128b500000) (1024K)]
  0x00000181cad29030 JavaThread "mysql-cj-abandoned-connection-cleanup" daemon [_thread_blocked, id=8272, stack(0x000000128bd00000,0x000000128be00000) (1024K)]
  0x00000181c97d9360 JavaThread "HikariPool-1 housekeeper"   daemon [_thread_blocked, id=16368, stack(0x000000128bf00000,0x000000128c000000) (1024K)]
  0x00000181c95b0b10 JavaThread "HikariPool-1 connection adder" daemon [_thread_blocked, id=26000, stack(0x000000128c000000,0x000000128c100000) (1024K)]
Total: 16

Other Threads:
  0x00000181ff4e3cf0 VMThread "VM Thread"                           [id=24552, stack(0x000000128a800000,0x000000128a900000) (1024K)]
  0x00000181ff4d4350 WatcherThread "VM Periodic Task Thread"        [id=25008, stack(0x000000128a700000,0x000000128a800000) (1024K)]
  0x00000181f32d5150 WorkerThread "GC Thread#0"                     [id=24584, stack(0x000000128a200000,0x000000128a300000) (1024K)]
  0x00000181c9bd71f0 WorkerThread "GC Thread#1"                     [id=17456, stack(0x000000128b500000,0x000000128b600000) (1024K)]
  0x00000181c9bf2bb0 WorkerThread "GC Thread#2"                     [id=7052, stack(0x000000128b600000,0x000000128b700000) (1024K)]
  0x00000181c9c0aaa0 WorkerThread "GC Thread#3"                     [id=10296, stack(0x000000128b700000,0x000000128b800000) (1024K)]
  0x00000181c9c0ae50 WorkerThread "GC Thread#4"                     [id=26520, stack(0x000000128b800000,0x000000128b900000) (1024K)]
  0x00000181c9c0b200 WorkerThread "GC Thread#5"                     [id=23984, stack(0x000000128b900000,0x000000128ba00000) (1024K)]
  0x00000181c9dfc7b0 WorkerThread "GC Thread#6"                     [id=24560, stack(0x000000128bb00000,0x000000128bc00000) (1024K)]
  0x00000181c9f19940 WorkerThread "GC Thread#7"                     [id=20632, stack(0x000000128bc00000,0x000000128bd00000) (1024K)]
  0x00000181f32e6b60 ConcurrentGCThread "G1 Main Marker"            [id=25836, stack(0x000000128a300000,0x000000128a400000) (1024K)]
  0x00000181ff333600 WorkerThread "G1 Conc#0"                       [id=25900, stack(0x000000128a400000,0x000000128a500000) (1024K)]
  0x00000181ca796470 WorkerThread "G1 Conc#1"                       [id=13904, stack(0x000000128ba00000,0x000000128bb00000) (1024K)]
  0x00000181ff3a25d0 ConcurrentGCThread "G1 Refine#0"               [id=21228, stack(0x000000128a500000,0x000000128a600000) (1024K)]
  0x00000181ff3a6220 ConcurrentGCThread "G1 Service"                [id=9888, stack(0x000000128a600000,0x000000128a700000) (1024K)]
Total: 15

Threads with active compile tasks:
Total: 0

VM state: not at safepoint (normal execution)

VM Mutex/Monitor currently owned by a thread:  ([mutex/lock_event])
[0x00007ff8b7c31890] Metaspace_lock - owner thread: 0x00000181f327dfd0

Heap address: 0x0000000083600000, size: 1994 MB, Compressed Oops mode: 32-bit

CDS archive(s) mapped at: [0x0000018184000000-0x0000018184d70000-0x0000018184d70000), size 14090240, SharedBaseAddress: 0x0000018184000000, ArchiveRelocationMode: 1.
Compressed class space mapped at: 0x0000018185000000-0x00000181c5000000, reserved size: 1073741824
Narrow klass base: 0x0000018184000000, Narrow klass shift: 0, Narrow klass range: 0x41000000

GC Precious Log:
 CardTable entry size: 512
 Card Set container configuration: InlinePtr #cards 5 size 8 Array Of Cards #cards 10 size 36 Howl #buckets 4 coarsen threshold 1843 Howl Bitmap #cards 512 size 80 coarsen threshold 460 Card regions per heap region 1 cards per card region 2048
 CPUs: 8 total, 8 available
 Memory: 7971M
 Large Page Support: Disabled
 NUMA Support: Disabled
 Compressed Oops: Enabled (32-bit)
 Heap Region Size: 1M
 Heap Min Capacity: 8M
 Heap Initial Capacity: 126M
 Heap Max Capacity: 1994M
 Pre-touch: Disabled
 Parallel Workers: 8
 Concurrent Workers: 2
 Concurrent Refinement Workers: 8
 Periodic GC: Disabled

Heap:
 garbage-first heap   total reserved 2041856K, committed 71680K, used 27514K [0x0000000083600000, 0x0000000100000000)
  region size 1024K, 8 young (8192K), 5 survivors (5120K)
 Metaspace       used 44187K, committed 44672K, reserved 1114112K
  class space    used 6362K, committed 6592K, reserved 1048576K

Heap Regions: E=young(eden), S=young(survivor), O=old, HS=humongous(starts), HC=humongous(continues), CS=collection set, F=free, TAMS=top-at-mark-start, PB=parsable bottom
|   0|0x0000000083600000, 0x0000000083700000, 0x0000000083700000|100%|HS|  |TAMS 0x0000000083600000| PB 0x0000000083600000| Complete |  0
|   1|0x0000000083700000, 0x0000000083800000, 0x0000000083800000|100%| O|  |TAMS 0x0000000083700000| PB 0x0000000083700000| Untracked |  0
|   2|0x0000000083800000, 0x0000000083900000, 0x0000000083900000|100%| O|  |TAMS 0x0000000083800000| PB 0x0000000083800000| Untracked |  0
|   3|0x0000000083900000, 0x0000000083a00000, 0x0000000083a00000|100%| O|  |TAMS 0x0000000083900000| PB 0x0000000083900000| Untracked |  0
|   4|0x0000000083a00000, 0x0000000083b00000, 0x0000000083b00000|100%| O|  |TAMS 0x0000000083a00000| PB 0x0000000083a00000| Untracked |  0
|   5|0x0000000083b00000, 0x0000000083c00000, 0x0000000083c00000|100%| O|  |TAMS 0x0000000083b00000| PB 0x0000000083b00000| Untracked |  0
|   6|0x0000000083c00000, 0x0000000083d00000, 0x0000000083d00000|100%| O|  |TAMS 0x0000000083c00000| PB 0x0000000083c00000| Untracked |  0
|   7|0x0000000083d00000, 0x0000000083e00000, 0x0000000083e00000|100%| O|  |TAMS 0x0000000083d00000| PB 0x0000000083d00000| Untracked |  0
|   8|0x0000000083e00000, 0x0000000083f00000, 0x0000000083f00000|100%| O|  |TAMS 0x0000000083e00000| PB 0x0000000083e00000| Untracked |  0
|   9|0x0000000083f00000, 0x0000000084000000, 0x0000000084000000|100%| O|  |TAMS 0x0000000083f00000| PB 0x0000000083f00000| Untracked |  0
|  10|0x0000000084000000, 0x0000000084100000, 0x0000000084100000|100%| O|  |TAMS 0x0000000084000000| PB 0x0000000084000000| Untracked |  0
|  11|0x0000000084100000, 0x0000000084200000, 0x0000000084200000|100%| O|  |TAMS 0x0000000084100000| PB 0x0000000084100000| Untracked |  0
|  12|0x0000000084200000, 0x0000000084300000, 0x0000000084300000|100%| O|  |TAMS 0x0000000084200000| PB 0x0000000084200000| Untracked |  0
|  13|0x0000000084300000, 0x00000000843ffe00, 0x0000000084400000| 99%| O|  |TAMS 0x0000000084300000| PB 0x0000000084300000| Untracked |  0
|  14|0x0000000084400000, 0x0000000084500000, 0x0000000084500000|100%| O|  |TAMS 0x0000000084400000| PB 0x0000000084400000| Untracked |  0
|  15|0x0000000084500000, 0x0000000084600000, 0x0000000084600000|100%| O|  |TAMS 0x0000000084500000| PB 0x0000000084500000| Untracked |  0
|  16|0x0000000084600000, 0x0000000084700000, 0x0000000084700000|100%| O|  |TAMS 0x0000000084600000| PB 0x0000000084600000| Untracked |  0
|  17|0x0000000084700000, 0x0000000084800000, 0x0000000084800000|100%| O|  |TAMS 0x0000000084700000| PB 0x0000000084700000| Untracked |  0
|  18|0x0000000084800000, 0x0000000084900000, 0x0000000084900000|100%| O|  |TAMS 0x0000000084800000| PB 0x0000000084800000| Untracked |  0
|  19|0x0000000084900000, 0x0000000084a00000, 0x0000000084a00000|100%| O|Cm|TAMS 0x0000000084900000| PB 0x0000000084900000| Complete |  0
|  20|0x0000000084a00000, 0x0000000084a00000, 0x0000000084b00000|  0%| F|  |TAMS 0x0000000084a00000| PB 0x0000000084a00000| Untracked |  0
|  21|0x0000000084b00000, 0x0000000084b00000, 0x0000000084c00000|  0%| F|  |TAMS 0x0000000084b00000| PB 0x0000000084b00000| Untracked |  0
|  22|0x0000000084c00000, 0x0000000084c00000, 0x0000000084d00000|  0%| F|  |TAMS 0x0000000084c00000| PB 0x0000000084c00000| Untracked |  0
|  23|0x0000000084d00000, 0x0000000084d00000, 0x0000000084e00000|  0%| F|  |TAMS 0x0000000084d00000| PB 0x0000000084d00000| Untracked |  0
|  24|0x0000000084e00000, 0x0000000084e00000, 0x0000000084f00000|  0%| F|  |TAMS 0x0000000084e00000| PB 0x0000000084e00000| Untracked |  0
|  25|0x0000000084f00000, 0x0000000084f00000, 0x0000000085000000|  0%| F|  |TAMS 0x0000000084f00000| PB 0x0000000084f00000| Untracked |  0
|  26|0x0000000085000000, 0x0000000085000000, 0x0000000085100000|  0%| F|  |TAMS 0x0000000085000000| PB 0x0000000085000000| Untracked |  0
|  27|0x0000000085100000, 0x00000000851dead0, 0x0000000085200000| 86%| S|CS|TAMS 0x0000000085100000| PB 0x0000000085100000| Complete |  0
|  28|0x0000000085200000, 0x0000000085300000, 0x0000000085300000|100%| S|CS|TAMS 0x0000000085200000| PB 0x0000000085200000| Complete |  0
|  29|0x0000000085300000, 0x0000000085400000, 0x0000000085400000|100%| S|CS|TAMS 0x0000000085300000| PB 0x0000000085300000| Complete |  0
|  30|0x0000000085400000, 0x0000000085500000, 0x0000000085500000|100%| S|CS|TAMS 0x0000000085400000| PB 0x0000000085400000| Complete |  0
|  31|0x0000000085500000, 0x0000000085600000, 0x0000000085600000|100%| S|CS|TAMS 0x0000000085500000| PB 0x0000000085500000| Complete |  0
|  32|0x0000000085600000, 0x0000000085600000, 0x0000000085700000|  0%| F|  |TAMS 0x0000000085600000| PB 0x0000000085600000| Untracked |  0
|  33|0x0000000085700000, 0x0000000085700000, 0x0000000085800000|  0%| F|  |TAMS 0x0000000085700000| PB 0x0000000085700000| Untracked |  0
|  34|0x0000000085800000, 0x0000000085800000, 0x0000000085900000|  0%| F|  |TAMS 0x0000000085800000| PB 0x0000000085800000| Untracked |  0
|  35|0x0000000085900000, 0x0000000085900000, 0x0000000085a00000|  0%| F|  |TAMS 0x0000000085900000| PB 0x0000000085900000| Untracked |  0
|  36|0x0000000085a00000, 0x0000000085a00000, 0x0000000085b00000|  0%| F|  |TAMS 0x0000000085a00000| PB 0x0000000085a00000| Untracked |  0
|  37|0x0000000085b00000, 0x0000000085b00000, 0x0000000085c00000|  0%| F|  |TAMS 0x0000000085b00000| PB 0x0000000085b00000| Untracked |  0
|  38|0x0000000085c00000, 0x0000000085c00000, 0x0000000085d00000|  0%| F|  |TAMS 0x0000000085c00000| PB 0x0000000085c00000| Untracked |  0
|  39|0x0000000085d00000, 0x0000000085d00000, 0x0000000085e00000|  0%| F|  |TAMS 0x0000000085d00000| PB 0x0000000085d00000| Untracked |  0
|  40|0x0000000085e00000, 0x0000000085e00000, 0x0000000085f00000|  0%| F|  |TAMS 0x0000000085e00000| PB 0x0000000085e00000| Untracked |  0
|  41|0x0000000085f00000, 0x0000000085f00000, 0x0000000086000000|  0%| F|  |TAMS 0x0000000085f00000| PB 0x0000000085f00000| Untracked |  0
|  42|0x0000000086000000, 0x0000000086000000, 0x0000000086100000|  0%| F|  |TAMS 0x0000000086000000| PB 0x0000000086000000| Untracked |  0
|  43|0x0000000086100000, 0x0000000086100000, 0x0000000086200000|  0%| F|  |TAMS 0x0000000086100000| PB 0x0000000086100000| Untracked |  0
|  44|0x0000000086200000, 0x0000000086200000, 0x0000000086300000|  0%| F|  |TAMS 0x0000000086200000| PB 0x0000000086200000| Untracked |  0
|  45|0x0000000086300000, 0x0000000086300000, 0x0000000086400000|  0%| F|  |TAMS 0x0000000086300000| PB 0x0000000086300000| Untracked |  0
|  46|0x0000000086400000, 0x0000000086400000, 0x0000000086500000|  0%| F|  |TAMS 0x0000000086400000| PB 0x0000000086400000| Untracked |  0
|  47|0x0000000086500000, 0x0000000086500000, 0x0000000086600000|  0%| F|  |TAMS 0x0000000086500000| PB 0x0000000086500000| Untracked |  0
|  48|0x0000000086600000, 0x0000000086600000, 0x0000000086700000|  0%| F|  |TAMS 0x0000000086600000| PB 0x0000000086600000| Untracked |  0
|  49|0x0000000086700000, 0x0000000086700000, 0x0000000086800000|  0%| F|  |TAMS 0x0000000086700000| PB 0x0000000086700000| Untracked |  0
|  50|0x0000000086800000, 0x0000000086800000, 0x0000000086900000|  0%| F|  |TAMS 0x0000000086800000| PB 0x0000000086800000| Untracked |  0
|  51|0x0000000086900000, 0x0000000086900000, 0x0000000086a00000|  0%| F|  |TAMS 0x0000000086900000| PB 0x0000000086900000| Untracked |  0
|  52|0x0000000086a00000, 0x0000000086a00000, 0x0000000086b00000|  0%| F|  |TAMS 0x0000000086a00000| PB 0x0000000086a00000| Untracked |  0
|  53|0x0000000086b00000, 0x0000000086b00000, 0x0000000086c00000|  0%| F|  |TAMS 0x0000000086b00000| PB 0x0000000086b00000| Untracked |  0
|  54|0x0000000086c00000, 0x0000000086c00000, 0x0000000086d00000|  0%| F|  |TAMS 0x0000000086c00000| PB 0x0000000086c00000| Untracked |  0
|  55|0x0000000086d00000, 0x0000000086d00000, 0x0000000086e00000|  0%| F|  |TAMS 0x0000000086d00000| PB 0x0000000086d00000| Untracked |  0
|  56|0x0000000086e00000, 0x0000000086e00000, 0x0000000086f00000|  0%| F|  |TAMS 0x0000000086e00000| PB 0x0000000086e00000| Untracked |  0
|  57|0x0000000086f00000, 0x0000000086f00000, 0x0000000087000000|  0%| F|  |TAMS 0x0000000086f00000| PB 0x0000000086f00000| Untracked |  0
|  58|0x0000000087000000, 0x0000000087000000, 0x0000000087100000|  0%| F|  |TAMS 0x0000000087000000| PB 0x0000000087000000| Untracked |  0
|  59|0x0000000087100000, 0x0000000087100000, 0x0000000087200000|  0%| F|  |TAMS 0x0000000087100000| PB 0x0000000087100000| Untracked |  0
|  60|0x0000000087200000, 0x0000000087200000, 0x0000000087300000|  0%| F|  |TAMS 0x0000000087200000| PB 0x0000000087200000| Untracked |  0
|  61|0x0000000087300000, 0x0000000087300000, 0x0000000087400000|  0%| F|  |TAMS 0x0000000087300000| PB 0x0000000087300000| Untracked |  0
|  62|0x0000000087400000, 0x0000000087400000, 0x0000000087500000|  0%| F|  |TAMS 0x0000000087400000| PB 0x0000000087400000| Untracked |  0
|  63|0x0000000087500000, 0x0000000087500000, 0x0000000087600000|  0%| F|  |TAMS 0x0000000087500000| PB 0x0000000087500000| Untracked |  0
|  64|0x0000000087600000, 0x0000000087600000, 0x0000000087700000|  0%| F|  |TAMS 0x0000000087600000| PB 0x0000000087600000| Untracked |  0
|  65|0x0000000087700000, 0x0000000087700000, 0x0000000087800000|  0%| F|  |TAMS 0x0000000087700000| PB 0x0000000087700000| Untracked |  0
|  66|0x0000000087800000, 0x0000000087800000, 0x0000000087900000|  0%| F|  |TAMS 0x0000000087800000| PB 0x0000000087800000| Untracked |  0
| 116|0x000000008aa00000, 0x000000008aa38a20, 0x000000008ab00000| 22%| E|  |TAMS 0x000000008aa00000| PB 0x000000008aa00000| Complete |  0
| 117|0x000000008ab00000, 0x000000008ac00000, 0x000000008ac00000|100%| E|CS|TAMS 0x000000008ab00000| PB 0x000000008ab00000| Complete |  1
| 125|0x000000008b300000, 0x000000008b400000, 0x000000008b400000|100%| E|CS|TAMS 0x000000008b300000| PB 0x000000008b300000| Complete |  0

Card table byte_map: [0x00000181fee70000,0x00000181ff260000] _byte_map_base: 0x00000181fea55000

Marking Bits: (CMBitMap*) 0x00000181f32d5860
 Bits: [0x0000018180000000, 0x0000018181f28000)

Polling page: 0x00000181f1080000

Metaspace:

Usage:
  Non-class:     36.94 MB used.
      Class:      6.21 MB used.
       Both:     43.15 MB used.

Virtual space:
  Non-class space:       64.00 MB reserved,      37.19 MB ( 58%) committed,  1 nodes.
      Class space:        1.00 GB reserved,       6.44 MB ( <1%) committed,  1 nodes.
             Both:        1.06 GB reserved,      43.62 MB (  4%) committed. 

Chunk freelists:
   Non-Class:  10.55 MB
       Class:  9.53 MB
        Both:  20.08 MB

MaxMetaspaceSize: unlimited
CompressedClassSpaceSize: 1.00 GB
Initial GC threshold: 21.00 MB
Current GC threshold: 58.69 MB
CDS: on
 - commit_granule_bytes: 65536.
 - commit_granule_words: 8192.
 - virtual_space_node_default_size: 8388608.
 - enlarge_chunks_in_place: 1.
 - use_allocation_guard: 0.


Internal statistics:

num_allocs_failed_limit: 6.
num_arena_births: 662.
num_arena_deaths: 0.
num_vsnodes_births: 2.
num_vsnodes_deaths: 0.
num_space_committed: 698.
num_space_uncommitted: 0.
num_chunks_returned_to_freelist: 6.
num_chunks_taken_from_freelist: 2264.
num_chunk_merges: 6.
num_chunk_splits: 1624.
num_chunks_enlarged: 1206.
num_inconsistent_stats: 0.

CodeCache: size=49152Kb used=9346Kb max_used=9346Kb free=39805Kb
 bounds [0x00000181fb970000, 0x00000181fc2a0000, 0x00000181fe970000]
 total_blobs=5686, nmethods=5052, adapters=556, full_count=0
Compilation: enabled, stopped_count=0, restarted_count=0

Compilation events (20 events):
Event: 7.294 Thread 0x00000181c981fec0 nmethod 5081 0x00000181fc28bc88 code [0x00000181fc28bdc0, 0x00000181fc28bf90]
Event: 7.294 Thread 0x00000181c9020290 nmethod 5082 0x00000181fc28c008 code [0x00000181fc28c120, 0x00000181fc28c1e8]
Event: 7.306 Thread 0x00000181c980df30 5084       1       java.util.ArrayList$ArrayListSpliterator::<init> (26 bytes)
Event: 7.306 Thread 0x00000181c9020290 5083       1       java.util.ArrayList::spliterator (12 bytes)
Event: 7.306 Thread 0x00000181c980df30 nmethod 5084 0x00000181fc28c308 code [0x00000181fc28c420, 0x00000181fc28c540]
Event: 7.306 Thread 0x00000181c9020290 nmethod 5083 0x00000181fc28c608 code [0x00000181fc28c720, 0x00000181fc28c898]
Event: 8.319 Thread 0x00000181c981fec0 5085       1       java.util.WeakHashMap::size (18 bytes)
Event: 8.320 Thread 0x00000181c981fec0 nmethod 5085 0x00000181fc28d008 code [0x00000181fc28d120, 0x00000181fc28d250]
Event: 8.320 Thread 0x00000181c9091130 5086   !   1       java.util.jar.Attributes::read (494 bytes)
Event: 8.320 Thread 0x00000181c9020290 5087       1       java.util.WeakHashMap::isEmpty (13 bytes)
Event: 8.320 Thread 0x00000181c9020290 nmethod 5087 0x00000181fc28d308 code [0x00000181fc28d420, 0x00000181fc28d538]
Event: 8.322 Thread 0x00000181c9091130 nmethod 5086 0x00000181fc28d608 code [0x00000181fc28db00, 0x00000181fc28fa40]
Event: 8.329 Thread 0x00000181c9020290 5088       1       java.lang.Enum::toString (5 bytes)
Event: 8.329 Thread 0x00000181c9020290 nmethod 5088 0x00000181fc28fb88 code [0x00000181fc28fca0, 0x00000181fc28fd68]
Event: 8.335 Thread 0x00000181c9020290 5089   !   1       java.util.zip.ZipFile::getManifestName (61 bytes)
Event: 8.335 Thread 0x00000181c980df30 5090       1       org.hibernate.boot.registry.classloading.internal.AggregatedClassLoader$2::hasNext (44 bytes)
Event: 8.335 Thread 0x00000181c9020290 nmethod 5089 0x00000181fc28fe88 code [0x00000181fc28ffc0, 0x00000181fc290338]
Event: 8.335 Thread 0x00000181c980df30 nmethod 5090 0x00000181fc290388 code [0x00000181fc2904c0, 0x00000181fc290658]
Event: 8.353 Thread 0x00000181c9091130 5091       1       java.util.Collections::emptyEnumeration (4 bytes)
Event: 8.353 Thread 0x00000181c9091130 nmethod 5091 0x00000181fc290688 code [0x00000181fc2907a0, 0x00000181fc290850]

GC Heap History (18 events):
Event: 1.087 GC heap before
{Heap before GC invocations=0 (full 0):
 garbage-first heap   total reserved 2041856K, committed 129024K, used 24576K [0x0000000083600000, 0x0000000100000000)
  region size 1024K, 24 young (24576K), 0 survivors (0K)
 Metaspace       used 5757K, committed 5952K, reserved 1114112K
  class space    used 798K, committed 896K, reserved 1048576K
}
Event: 1.093 GC heap after
{Heap after GC invocations=1 (full 0):
 garbage-first heap   total reserved 2041856K, committed 129024K, used 7445K [0x0000000083600000, 0x0000000100000000)
  region size 1024K, 3 young (3072K), 3 survivors (3072K)
 Metaspace       used 5757K, committed 5952K, reserved 1114112K
  class space    used 798K, committed 896K, reserved 1048576K
}
Event: 1.603 GC heap before
{Heap before GC invocations=1 (full 0):
 garbage-first heap   total reserved 2041856K, committed 129024K, used 29973K [0x0000000083600000, 0x0000000100000000)
  region size 1024K, 25 young (25600K), 3 survivors (3072K)
 Metaspace       used 10731K, committed 11008K, reserved 1114112K
  class space    used 1589K, committed 1728K, reserved 1048576K
}
Event: 1.609 GC heap after
{Heap after GC invocations=2 (full 0):
 garbage-first heap   total reserved 2041856K, committed 129024K, used 9353K [0x0000000083600000, 0x0000000100000000)
  region size 1024K, 2 young (2048K), 2 survivors (2048K)
 Metaspace       used 10731K, committed 11008K, reserved 1114112K
  class space    used 1589K, committed 1728K, reserved 1048576K
}
Event: 2.523 GC heap before
{Heap before GC invocations=2 (full 0):
 garbage-first heap   total reserved 2041856K, committed 129024K, used 63625K [0x0000000083600000, 0x0000000100000000)
  region size 1024K, 56 young (57344K), 2 survivors (2048K)
 Metaspace       used 20888K, committed 21248K, reserved 1114112K
  class space    used 2942K, committed 3072K, reserved 1048576K
}
Event: 2.535 GC heap after
{Heap after GC invocations=3 (full 0):
 garbage-first heap   total reserved 2041856K, committed 129024K, used 14732K [0x0000000083600000, 0x0000000100000000)
  region size 1024K, 7 young (7168K), 7 survivors (7168K)
 Metaspace       used 20888K, committed 21248K, reserved 1114112K
  class space    used 2942K, committed 3072K, reserved 1048576K
}
Event: 2.670 GC heap before
{Heap before GC invocations=3 (full 0):
 garbage-first heap   total reserved 2041856K, committed 129024K, used 21900K [0x0000000083600000, 0x0000000100000000)
  region size 1024K, 15 young (15360K), 7 survivors (7168K)
 Metaspace       used 21192K, committed 21504K, reserved 1114112K
  class space    used 2993K, committed 3136K, reserved 1048576K
}
Event: 2.680 GC heap after
{Heap after GC invocations=4 (full 0):
 garbage-first heap   total reserved 2041856K, committed 129024K, used 15740K [0x0000000083600000, 0x0000000100000000)
  region size 1024K, 2 young (2048K), 2 survivors (2048K)
 Metaspace       used 21192K, committed 21504K, reserved 1114112K
  class space    used 2993K, committed 3136K, reserved 1048576K
}
Event: 3.872 GC heap before
{Heap before GC invocations=5 (full 0):
 garbage-first heap   total reserved 2041856K, committed 55296K, used 54652K [0x0000000083600000, 0x0000000100000000)
  region size 1024K, 40 young (40960K), 2 survivors (2048K)
 Metaspace       used 25939K, committed 26304K, reserved 1114112K
  class space    used 3741K, committed 3904K, reserved 1048576K
}
Event: 3.882 GC heap after
{Heap after GC invocations=6 (full 0):
 garbage-first heap   total reserved 2041856K, committed 59392K, used 18152K [0x0000000083600000, 0x0000000100000000)
  region size 1024K, 4 young (4096K), 4 survivors (4096K)
 Metaspace       used 25939K, committed 26304K, reserved 1114112K
  class space    used 3741K, committed 3904K, reserved 1048576K
}
Event: 4.804 GC heap before
{Heap before GC invocations=6 (full 0):
 garbage-first heap   total reserved 2041856K, committed 59392K, used 44776K [0x0000000083600000, 0x0000000100000000)
  region size 1024K, 30 young (30720K), 4 survivors (4096K)
 Metaspace       used 30388K, committed 30848K, reserved 1114112K
  class space    used 4382K, committed 4608K, reserved 1048576K
}
Event: 4.818 GC heap after
{Heap after GC invocations=7 (full 0):
 garbage-first heap   total reserved 2041856K, committed 59392K, used 20537K [0x0000000083600000, 0x0000000100000000)
  region size 1024K, 3 young (3072K), 3 survivors (3072K)
 Metaspace       used 30388K, committed 30848K, reserved 1114112K
  class space    used 4382K, committed 4608K, reserved 1048576K
}
Event: 5.859 GC heap before
{Heap before GC invocations=7 (full 0):
 garbage-first heap   total reserved 2041856K, committed 59392K, used 46137K [0x0000000083600000, 0x0000000100000000)
  region size 1024K, 28 young (28672K), 3 survivors (3072K)
 Metaspace       used 35182K, committed 35776K, reserved 1114112K
  class space    used 5097K, committed 5376K, reserved 1048576K
}
Event: 5.869 GC heap after
{Heap after GC invocations=8 (full 0):
 garbage-first heap   total reserved 2041856K, committed 59392K, used 21982K [0x0000000083600000, 0x0000000100000000)
  region size 1024K, 2 young (2048K), 2 survivors (2048K)
 Metaspace       used 35182K, committed 35776K, reserved 1114112K
  class space    used 5097K, committed 5376K, reserved 1048576K
}
Event: 5.963 GC heap before
{Heap before GC invocations=8 (full 0):
 garbage-first heap   total reserved 2041856K, committed 59392K, used 23006K [0x0000000083600000, 0x0000000100000000)
  region size 1024K, 4 young (4096K), 2 survivors (2048K)
 Metaspace       used 35446K, committed 35968K, reserved 1114112K
  class space    used 5153K, committed 5376K, reserved 1048576K
}
Event: 5.968 GC heap after
{Heap after GC invocations=9 (full 0):
 garbage-first heap   total reserved 2041856K, committed 71680K, used 21967K [0x0000000083600000, 0x0000000100000000)
  region size 1024K, 2 young (2048K), 2 survivors (2048K)
 Metaspace       used 35446K, committed 35968K, reserved 1114112K
  class space    used 5153K, committed 5376K, reserved 1048576K
}
Event: 8.336 GC heap before
{Heap before GC invocations=10 (full 0):
 garbage-first heap   total reserved 2041856K, committed 71680K, used 57807K [0x0000000083600000, 0x0000000100000000)
  region size 1024K, 38 young (38912K), 2 survivors (2048K)
 Metaspace       used 43883K, committed 44416K, reserved 1114112K
  class space    used 6341K, committed 6592K, reserved 1048576K
}
Event: 8.346 GC heap after
{Heap after GC invocations=11 (full 0):
 garbage-first heap   total reserved 2041856K, committed 71680K, used 25466K [0x0000000083600000, 0x0000000100000000)
  region size 1024K, 5 young (5120K), 5 survivors (5120K)
 Metaspace       used 43883K, committed 44416K, reserved 1114112K
  class space    used 6341K, committed 6592K, reserved 1048576K
}

Dll operation events (10 events):
Event: 0.012 Loaded shared library C:\Program Files\Java\jdk-23\bin\java.dll
Event: 0.141 Loaded shared library C:\Program Files\Java\jdk-23\bin\net.dll
Event: 0.146 Loaded shared library C:\Program Files\Java\jdk-23\bin\nio.dll
Event: 0.155 Loaded shared library C:\Program Files\Java\jdk-23\bin\zip.dll
Event: 0.303 Loaded shared library C:\Program Files\Java\jdk-23\bin\verify.dll
Event: 0.333 Loaded shared library C:\Program Files\Java\jdk-23\bin\jimage.dll
Event: 2.399 Loaded shared library C:\Program Files\Java\jdk-23\bin\sunmscapi.dll
Event: 4.672 Loaded shared library C:\Program Files\Java\jdk-23\bin\management.dll
Event: 4.676 Loaded shared library C:\Program Files\Java\jdk-23\bin\management_ext.dll
Event: 6.551 Loaded shared library C:\Program Files\Java\jdk-23\bin\extnet.dll

Deoptimization events (0 events):
No events

Classes loaded (20 events):
Event: 7.061 Loading class java/util/regex/Pattern$SliceS
Event: 7.064 Loading class java/util/regex/Pattern$SliceS done
Event: 7.069 Loading class jdk/internal/ValueBased
Event: 7.069 Loading class jdk/internal/ValueBased done
Event: 7.142 Loading class sun/reflect/generics/repository/FieldRepository
Event: 7.142 Loading class sun/reflect/generics/repository/FieldRepository done
Event: 7.202 Loading class sun/security/provider/MD5
Event: 7.203 Loading class sun/security/provider/MD5 done
Event: 7.203 Loading class sun/security/provider/ByteArrayAccess$LE
Event: 7.203 Loading class sun/security/provider/ByteArrayAccess$LE done
Event: 7.203 Loading class java/math/MutableBigInteger
Event: 7.204 Loading class java/math/MutableBigInteger done
Event: 7.266 Loading class java/util/stream/ReduceOps$1
Event: 7.266 Loading class java/util/stream/ReduceOps$1 done
Event: 7.266 Loading class java/util/stream/ReduceOps$1ReducingSink
Event: 7.266 Loading class java/util/stream/ReduceOps$1ReducingSink done
Event: 8.363 Loading class javax/naming/RefAddr
Event: 8.364 Loading class javax/naming/RefAddr done
Event: 8.364 Loading class javax/naming/StringRefAddr
Event: 8.364 Loading class javax/naming/StringRefAddr done

Classes unloaded (0 events):
No events

Classes redefined (0 events):
No events

Internal exceptions (20 events):
Event: 4.280 Thread 0x00000181f327dfd0 Exception <a 'java/lang/IncompatibleClassChangeError'{0x000000008629c588}: Found class java.lang.Object, but interface was expected> (0x000000008629c588) 
thrown [s\open\src\hotspot\share\interpreter\linkResolver.cpp, line 863]
Event: 4.281 Thread 0x00000181f327dfd0 Exception <a 'java/lang/NoSuchMethodError'{0x00000000862aab60}: 'int java.lang.invoke.DirectMethodHandle$Holder.invokeSpecialIFC(java.lang.Object, java.lang.Object, java.lang.Object)'> (0x00000000862aab60) 
thrown [s\open\src\hotspot\share\interpreter\linkResolver.cpp, line 796]
Event: 4.288 Thread 0x00000181f327dfd0 Exception <a 'java/lang/NoSuchMethodError'{0x00000000862eb010}: 'void java.lang.invoke.DirectMethodHandle$Holder.invokeStatic(java.lang.Object, java.lang.Object, java.lang.Object, int, java.lang.Object)'> (0x00000000862eb010) 
thrown [s\open\src\hotspot\share\interpreter\linkResolver.cpp, line 796]
Event: 4.288 Thread 0x00000181f327dfd0 Exception <a 'java/lang/NoSuchMethodError'{0x00000000862f19f0}: 'java.lang.Object java.lang.invoke.DirectMethodHandle$Holder.newInvokeSpecial(java.lang.Object, java.lang.Object, java.lang.Object, int)'> (0x00000000862f19f0) 
thrown [s\open\src\hotspot\share\interpreter\linkResolver.cpp, line 796]
Event: 4.288 Thread 0x00000181f327dfd0 Exception <a 'java/lang/NoSuchMethodError'{0x00000000862f5948}: 'java.lang.Object java.lang.invoke.DirectMethodHandle$Holder.invokeSpecial(java.lang.Object, java.lang.Object, java.lang.Object, java.lang.Object, int)'> (0x00000000862f5948) 
thrown [s\open\src\hotspot\share\interpreter\linkResolver.cpp, line 796]
Event: 4.288 Thread 0x00000181f327dfd0 Exception <a 'java/lang/NoSuchMethodError'{0x00000000862f8df8}: 'java.lang.Object java.lang.invoke.Invokers$Holder.linkToTargetMethod(java.lang.Object, java.lang.Object, int, java.lang.Object)'> (0x00000000862f8df8) 
thrown [s\open\src\hotspot\share\interpreter\linkResolver.cpp, line 796]
Event: 4.386 Thread 0x00000181f327dfd0 Exception <a 'java/lang/NoSuchMethodError'{0x0000000085ca6358}: 'java.lang.Object java.lang.invoke.DirectMethodHandle$Holder.invokeStaticInit(java.lang.Object, int, int, int, int)'> (0x0000000085ca6358) 
thrown [s\open\src\hotspot\share\interpreter\linkResolver.cpp, line 796]
Event: 4.464 Thread 0x00000181f327dfd0 Exception <a 'java/lang/NoSuchMethodError'{0x0000000085b81a08}: 'java.lang.Object java.lang.invoke.DirectMethodHandle$Holder.invokeStaticInit(java.lang.Object, java.lang.Object, int, int, int, int)'> (0x0000000085b81a08) 
thrown [s\open\src\hotspot\share\interpreter\linkResolver.cpp, line 796]
Event: 4.592 Thread 0x00000181f327dfd0 Exception <a 'java/lang/NoSuchMethodError'{0x000000008573f660}: 'int java.lang.invoke.DirectMethodHandle$Holder.invokeVirtual(java.lang.Object, java.lang.Object, java.lang.Object, java.lang.Object)'> (0x000000008573f660) 
thrown [s\open\src\hotspot\share\interpreter\linkResolver.cpp, line 796]
Event: 4.593 Thread 0x00000181f327dfd0 Exception <a 'java/lang/NoSuchMethodError'{0x0000000085742f38}: 'int java.lang.invoke.DelegatingMethodHandle$Holder.reinvoke_L(java.lang.Object, java.lang.Object, java.lang.Object, java.lang.Object)'> (0x0000000085742f38) 
thrown [s\open\src\hotspot\share\interpreter\linkResolver.cpp, line 796]
Event: 4.698 Thread 0x00000181f327dfd0 Exception <a 'java/io/FileNotFoundException'{0x000000008557c1b8}> (0x000000008557c1b8) 
thrown [s\open\src\hotspot\share\prims\jni.cpp, line 520]
Event: 4.752 Thread 0x00000181f327dfd0 Exception <a 'java/lang/NoSuchMethodError'{0x0000000085346c80}: 'int java.lang.invoke.DirectMethodHandle$Holder.invokeInterface(java.lang.Object, java.lang.Object, java.lang.Object, java.lang.Object)'> (0x0000000085346c80) 
thrown [s\open\src\hotspot\share\interpreter\linkResolver.cpp, line 796]
Event: 4.792 Thread 0x00000181f327dfd0 Exception <a 'java/lang/NoSuchMethodError'{0x00000000852abed8}: 'void java.lang.invoke.Invokers$Holder.invokeExact_MT(java.lang.Object, java.lang.Object, java.lang.Object, java.lang.Object)'> (0x00000000852abed8) 
thrown [s\open\src\hotspot\share\interpreter\linkResolver.cpp, line 796]
Event: 4.798 Thread 0x00000181f327dfd0 Exception <a 'java/lang/NoSuchMethodError'{0x00000000852b6d38}: 'void java.lang.invoke.Invokers$Holder.invokeExact_MT(java.lang.Object, java.lang.Object, int, java.lang.Object)'> (0x00000000852b6d38) 
thrown [s\open\src\hotspot\share\interpreter\linkResolver.cpp, line 796]
Event: 4.949 Thread 0x00000181f327dfd0 Exception <a 'java/lang/NoSuchMethodError'{0x0000000086887010}: 'java.lang.Object java.lang.invoke.DirectMethodHandle$Holder.newInvokeSpecial(java.lang.Object, java.lang.Object, java.lang.Object, java.lang.Object, java.lang.Object, java.lang.Object, java.lang.Object, java.lang.Object, java.lang.Object, java.lang.Object, java.lang.Object)'> (0x0000000086887010) 
thrown [s\open\src\hotspot\share\interpreter\linkResolver.cpp, line 796]
Event: 5.066 Thread 0x00000181f327dfd0 Exception <a 'java/lang/NoSuchMethodError'{0x00000000864ee998}: 'void java.lang.invoke.DelegatingMethodHandle$Holder.reinvoke_L(java.lang.Object, java.lang.Object, java.lang.Object, java.lang.Object, int, java.lang.Object, java.lang.Object, java.lang.Object)'> (0x00000000864ee998) 
thrown [s\open\src\hotspot\share\interpreter\linkResolver.cpp, line 796]
Event: 6.345 Thread 0x00000181f327dfd0 Exception <a 'java/lang/NoSuchMethodError'{0x000000008752f650}: 'int java.lang.invoke.DirectMethodHandle$Holder.invokeStatic(java.lang.Object)'> (0x000000008752f650) 
thrown [s\open\src\hotspot\share\interpreter\linkResolver.cpp, line 796]
Event: 6.848 Thread 0x00000181f327dfd0 Exception <a 'java/lang/NoSuchMethodError'{0x00000000869bead0}: 'java.lang.Object java.lang.invoke.DirectMethodHandle$Holder.invokeStaticInit(java.lang.Object, java.lang.Object, java.lang.Object, java.lang.Object)'> (0x00000000869bead0) 
thrown [s\open\src\hotspot\share\interpreter\linkResolver.cpp, line 796]
Event: 6.857 Thread 0x00000181f327dfd0 Exception <a 'java/lang/NoSuchMethodError'{0x00000000868735f0}: 'int java.lang.invoke.Invokers$Holder.invokeExact_MT(java.lang.Object, java.lang.Object)'> (0x00000000868735f0) 
thrown [s\open\src\hotspot\share\interpreter\linkResolver.cpp, line 796]
Event: 7.090 Thread 0x00000181f327dfd0 Exception <a 'java/lang/NoSuchMethodError'{0x0000000085f7cb20}: 'java.lang.Object java.lang.invoke.DirectMethodHandle$Holder.newInvokeSpecial(java.lang.Object, java.lang.Object, java.lang.Object, java.lang.Object, java.lang.Object, java.lang.Object)'> (0x0000000085f7cb20) 
thrown [s\open\src\hotspot\share\interpreter\linkResolver.cpp, line 796]

VM Operations (20 events):
Event: 4.851 Executing VM operation: HandshakeAllThreads (Deoptimize)
Event: 4.851 Executing VM operation: HandshakeAllThreads (Deoptimize) done
Event: 4.941 Executing VM operation: HandshakeAllThreads (Deoptimize)
Event: 4.941 Executing VM operation: HandshakeAllThreads (Deoptimize) done
Event: 5.157 Executing VM operation: HandshakeAllThreads (Deoptimize)
Event: 5.157 Executing VM operation: HandshakeAllThreads (Deoptimize) done
Event: 5.859 Executing VM operation: G1CollectForAllocation (G1 Evacuation Pause)
Event: 5.870 Executing VM operation: G1CollectForAllocation (G1 Evacuation Pause) done
Event: 5.963 Executing VM operation: CollectForMetadataAllocation (Metadata GC Threshold)
Event: 5.968 Executing VM operation: CollectForMetadataAllocation (Metadata GC Threshold) done
Event: 5.993 Executing VM operation: G1PauseRemark
Event: 5.998 Executing VM operation: G1PauseRemark done
Event: 6.006 Executing VM operation: G1PauseCleanup
Event: 6.006 Executing VM operation: G1PauseCleanup done
Event: 6.607 Executing VM operation: HandshakeAllThreads (Deoptimize)
Event: 6.607 Executing VM operation: HandshakeAllThreads (Deoptimize) done
Event: 7.050 Executing VM operation: HandshakeAllThreads (Deoptimize)
Event: 7.050 Executing VM operation: HandshakeAllThreads (Deoptimize) done
Event: 8.336 Executing VM operation: G1CollectForAllocation (G1 Evacuation Pause)
Event: 8.346 Executing VM operation: G1CollectForAllocation (G1 Evacuation Pause) done

Memory protections (0 events):
No events

Nmethod flushes (20 events):
Event: 5.997 Thread 0x00000181ff4e3cf0 flushing  nmethod 0x00000181fbb4d308
Event: 5.997 Thread 0x00000181ff4e3cf0 flushing  nmethod 0x00000181fbb5f008
Event: 5.997 Thread 0x00000181ff4e3cf0 flushing  nmethod 0x00000181fbb68408
Event: 5.997 Thread 0x00000181ff4e3cf0 flushing  nmethod 0x00000181fbb68708
Event: 5.997 Thread 0x00000181ff4e3cf0 flushing  nmethod 0x00000181fbb6b588
Event: 5.997 Thread 0x00000181ff4e3cf0 flushing  nmethod 0x00000181fbb6c308
Event: 5.997 Thread 0x00000181ff4e3cf0 flushing  nmethod 0x00000181fbb6c608
Event: 5.997 Thread 0x00000181ff4e3cf0 flushing  nmethod 0x00000181fbb6f708
Event: 5.997 Thread 0x00000181ff4e3cf0 flushing  nmethod 0x00000181fbbb6308
Event: 5.997 Thread 0x00000181ff4e3cf0 flushing  nmethod 0x00000181fbd1ca88
Event: 5.997 Thread 0x00000181ff4e3cf0 flushing  nmethod 0x00000181fbd2c288
Event: 5.997 Thread 0x00000181ff4e3cf0 flushing  nmethod 0x00000181fbe21c88
Event: 5.997 Thread 0x00000181ff4e3cf0 flushing  nmethod 0x00000181fbe34208
Event: 5.997 Thread 0x00000181ff4e3cf0 flushing  nmethod 0x00000181fbe45088
Event: 5.997 Thread 0x00000181ff4e3cf0 flushing  nmethod 0x00000181fbf28508
Event: 5.997 Thread 0x00000181ff4e3cf0 flushing  nmethod 0x00000181fbf29108
Event: 5.997 Thread 0x00000181ff4e3cf0 flushing osr nmethod 0x00000181fbfb0c08
Event: 5.997 Thread 0x00000181ff4e3cf0 flushing  nmethod 0x00000181fbfb1588
Event: 5.997 Thread 0x00000181ff4e3cf0 flushing  nmethod 0x00000181fc038708
Event: 5.997 Thread 0x00000181ff4e3cf0 flushing  nmethod 0x00000181fc04eb08

Events (20 events):
Event: 0.031 Thread 0x00000181f327dfd0 Thread added: 0x00000181f327dfd0
Event: 0.048 Thread 0x00000181f327dfd0 Thread added: 0x00000181c900fbc0
Event: 0.048 Thread 0x00000181f327dfd0 Thread added: 0x00000181c9011190
Event: 0.048 Thread 0x00000181f327dfd0 Thread added: 0x00000181c9013300
Event: 0.048 Thread 0x00000181f327dfd0 Thread added: 0x00000181c9013fe0
Event: 0.048 Thread 0x00000181f327dfd0 Thread added: 0x00000181c90155b0
Event: 0.048 Thread 0x00000181f327dfd0 Thread added: 0x00000181c9016b80
Event: 0.048 Thread 0x00000181f327dfd0 Thread added: 0x00000181c9020290
Event: 0.051 Thread 0x00000181c9020290 Thread added: 0x00000181c9091130
Event: 0.124 Thread 0x00000181f327dfd0 Thread added: 0x00000181c91a0aa0
Event: 0.133 Thread 0x00000181f327dfd0 Thread added: 0x00000181c91a2d30
Event: 0.576 Thread 0x00000181c9020290 Thread added: 0x00000181c980df30
Event: 0.576 Thread 0x00000181c9020290 Thread added: 0x00000181c981fec0
Event: 1.403 Thread 0x00000181f327dfd0 Thread added: 0x00000181c9d0cf60
Event: 2.103 Thread 0x00000181f327dfd0 Thread added: 0x00000181ca4b8fb0
Event: 2.145 Thread 0x00000181ca4b8fb0 Thread exited: 0x00000181ca4b8fb0
Event: 2.428 Thread 0x00000181c9d0cf60 Thread exited: 0x00000181c9d0cf60
Event: 4.886 Thread 0x00000181f327dfd0 Thread added: 0x00000181cad29030
Event: 6.718 Thread 0x00000181f327dfd0 Thread added: 0x00000181c97d9360
Event: 6.827 Thread 0x00000181c97d9360 Thread added: 0x00000181c95b0b10


Dynamic libraries:
0x00007ff6346f0000 - 0x00007ff634700000 	C:\Program Files\Java\jdk-23\bin\java.exe
0x00007ff9625a0000 - 0x00007ff962808000 	C:\WINDOWS\SYSTEM32\ntdll.dll
0x00007ff9607c0000 - 0x00007ff960889000 	C:\WINDOWS\System32\KERNEL32.DLL
0x00007ff95fe80000 - 0x00007ff960271000 	C:\WINDOWS\System32\KERNELBASE.dll
0x00007ff95f9d0000 - 0x00007ff95fb1b000 	C:\WINDOWS\System32\ucrtbase.dll
0x00007ff934f10000 - 0x00007ff934f27000 	C:\Program Files\Java\jdk-23\bin\jli.dll
0x00007ff962180000 - 0x00007ff962346000 	C:\WINDOWS\System32\USER32.dll
0x00007ff95efc0000 - 0x00007ff95efe7000 	C:\WINDOWS\System32\win32u.dll
0x00007ff962350000 - 0x00007ff96237b000 	C:\WINDOWS\System32\GDI32.dll
0x00007ff95fb20000 - 0x00007ff95fc4b000 	C:\WINDOWS\System32\gdi32full.dll
0x00007ff95fc50000 - 0x00007ff95fcf3000 	C:\WINDOWS\System32\msvcp_win.dll
0x00007ff934ef0000 - 0x00007ff934f0b000 	C:\Program Files\Java\jdk-23\bin\VCRUNTIME140.dll
0x00007ff943980000 - 0x00007ff943c13000 	C:\WINDOWS\WinSxS\amd64_microsoft.windows.common-controls_6595b64144ccf1df_6.0.26100.7824_none_3e0870b2e3345462\COMCTL32.dll
0x00007ff960ff0000 - 0x00007ff961099000 	C:\WINDOWS\System32\msvcrt.dll
0x00007ff960e90000 - 0x00007ff960ec1000 	C:\WINDOWS\System32\IMM32.DLL
0x000000006d500000 - 0x000000006d50d000 	C:\Program Files (x86)\360\Total Security\safemon\SafeWrapper.dll
0x00007ff962420000 - 0x00007ff9624d4000 	C:\WINDOWS\System32\ADVAPI32.dll
0x00007ff960c40000 - 0x00007ff960ce6000 	C:\WINDOWS\System32\sechost.dll
0x00007ff960ed0000 - 0x00007ff960fe8000 	C:\WINDOWS\System32\RPCRT4.dll
0x00007ff959e90000 - 0x00007ff959f95000 	C:\Program Files (x86)\360\Total Security\safemon\libzdtp64.dll
0x00007ff9616c0000 - 0x00007ff961e12000 	C:\WINDOWS\System32\SHELL32.dll
0x00007ff95eff0000 - 0x00007ff95f15a000 	C:\WINDOWS\System32\wintypes.dll
0x00007ff960350000 - 0x00007ff9606d6000 	C:\WINDOWS\System32\combase.dll
0x00007ff960730000 - 0x00007ff960797000 	C:\WINDOWS\System32\SHLWAPI.dll
0x00007ff95f160000 - 0x00007ff95f9c3000 	C:\WINDOWS\System32\Windows.Storage.dll
0x00007ff95e960000 - 0x00007ff95e96b000 	C:\WINDOWS\SYSTEM32\VERSION.dll
0x00007ff95b360000 - 0x00007ff95b36c000 	C:\Program Files\Java\jdk-23\bin\vcruntime140_1.dll
0x00007ff91e600000 - 0x00007ff91e68e000 	C:\Program Files\Java\jdk-23\bin\msvcp140.dll
0x00007ff8b6fc0000 - 0x00007ff8b7d0f000 	C:\Program Files\Java\jdk-23\bin\server\jvm.dll
0x00007ff9609d0000 - 0x00007ff960a44000 	C:\WINDOWS\System32\WS2_32.dll
0x00007ff95ece0000 - 0x00007ff95ed3e000 	C:\WINDOWS\SYSTEM32\POWRPROF.dll
0x00007ff954870000 - 0x00007ff9548a5000 	C:\WINDOWS\SYSTEM32\WINMM.dll
0x00007ff95ecc0000 - 0x00007ff95ecd4000 	C:\WINDOWS\SYSTEM32\UMPDC.dll
0x00007ff95dbb0000 - 0x00007ff95dbcb000 	C:\WINDOWS\SYSTEM32\kernel.appcore.dll
0x00007ff934ee0000 - 0x00007ff934eea000 	C:\Program Files\Java\jdk-23\bin\jimage.dll
0x00007ff95ca60000 - 0x00007ff95cca2000 	C:\WINDOWS\SYSTEM32\DBGHELP.DLL
0x00007ff961fa0000 - 0x00007ff962077000 	C:\WINDOWS\System32\OLEAUT32.dll
0x00007ff93ed20000 - 0x00007ff93ed5b000 	C:\WINDOWS\SYSTEM32\dbgcore.DLL
0x00007ff95ef10000 - 0x00007ff95efb5000 	C:\WINDOWS\System32\bcryptPrimitives.dll
0x00007ff934ec0000 - 0x00007ff934ede000 	C:\Program Files\Java\jdk-23\bin\java.dll
0x00007ff960cf0000 - 0x00007ff960e87000 	C:\WINDOWS\System32\ole32.dll
0x00007ff962080000 - 0x00007ff962176000 	C:\WINDOWS\System32\SHCORE.dll
0x00007ff95eda0000 - 0x00007ff95edc9000 	C:\WINDOWS\SYSTEM32\profapi.dll
0x00007ff934eb0000 - 0x00007ff934ec0000 	C:\Program Files\Java\jdk-23\bin\net.dll
0x00007ff95e120000 - 0x00007ff95e18b000 	C:\WINDOWS\system32\mswsock.dll
0x00007ff934e90000 - 0x00007ff934ea6000 	C:\Program Files\Java\jdk-23\bin\nio.dll
0x00007ff921e50000 - 0x00007ff921e67000 	C:\Program Files\Java\jdk-23\bin\zip.dll
0x00007ff934e80000 - 0x00007ff934e90000 	C:\Program Files\Java\jdk-23\bin\verify.dll
0x00007ff921780000 - 0x00007ff92178e000 	C:\Program Files\Java\jdk-23\bin\sunmscapi.dll
0x00007ff95fd00000 - 0x00007ff95fe77000 	C:\WINDOWS\System32\CRYPT32.dll
0x00007ff95e610000 - 0x00007ff95e640000 	C:\WINDOWS\SYSTEM32\ncrypt.dll
0x00007ff95e5c0000 - 0x00007ff95e5ff000 	C:\WINDOWS\SYSTEM32\NTASN1.dll
0x00007ff95e3f0000 - 0x00007ff95e40b000 	C:\WINDOWS\SYSTEM32\CRYPTSP.dll
0x00007ff95db10000 - 0x00007ff95db49000 	C:\WINDOWS\system32\rsaenh.dll
0x00007ff95e1d0000 - 0x00007ff95e1fb000 	C:\WINDOWS\SYSTEM32\USERENV.dll
0x00007ff95ed70000 - 0x00007ff95ed9a000 	C:\WINDOWS\SYSTEM32\bcrypt.dll
0x00007ff95e410000 - 0x00007ff95e41c000 	C:\WINDOWS\SYSTEM32\CRYPTBASE.dll
0x00007ff95d660000 - 0x00007ff95d694000 	C:\WINDOWS\SYSTEM32\IPHLPAPI.DLL
0x00007ff962380000 - 0x00007ff96238a000 	C:\WINDOWS\System32\NSI.dll
0x00007ff920620000 - 0x00007ff92062a000 	C:\Program Files\Java\jdk-23\bin\management.dll
0x00007ff920610000 - 0x00007ff92061b000 	C:\Program Files\Java\jdk-23\bin\management_ext.dll
0x00007ff960c30000 - 0x00007ff960c38000 	C:\WINDOWS\System32\PSAPI.DLL
0x00007ff95d740000 - 0x00007ff95d86c000 	C:\WINDOWS\SYSTEM32\DNSAPI.dll
0x00007ff954700000 - 0x00007ff95470b000 	C:\Windows\System32\rasadhlp.dll
0x00007ff954660000 - 0x00007ff9546e6000 	C:\WINDOWS\System32\fwpuclnt.dll
0x00007ff920600000 - 0x00007ff920609000 	C:\Program Files\Java\jdk-23\bin\extnet.dll

dbghelp: loaded successfully - version: 4.0.5 - missing functions: none
symbol engine: initialized successfully - sym options: 0x614 - pdb path: .;C:\Program Files\Java\jdk-23\bin;C:\WINDOWS\SYSTEM32;C:\WINDOWS\WinSxS\amd64_microsoft.windows.common-controls_6595b64144ccf1df_6.0.26100.7824_none_3e0870b2e3345462;C:\Program Files (x86)\360\Total Security\safemon;C:\Program Files\Java\jdk-23\bin\server

VM Arguments:
jvm_args: -XX:TieredStopAtLevel=1 
java_command: vn.kurisu.mentormatch.MentorMatchApplication
java_class_path (initial): C:\Users\Long Phung\OneDrive\Documents\TechByteIntern\buiphuongnam_test_t3\backend\target\classes;C:\Users\Long Phung\.m2\repository\org\aspectj\aspectjweaver\1.9.21\aspectjweaver-1.9.21.jar;C:\Users\Long Phung\.m2\repository\com\zaxxer\HikariCP\5.0.1\HikariCP-5.0.1.jar;C:\Users\Long Phung\.m2\repository\org\springframework\spring-jdbc\6.1.5\spring-jdbc-6.1.5.jar;C:\Users\Long Phung\.m2\repository\org\hibernate\orm\hibernate-core\6.4.4.Final\hibernate-core-6.4.4.Final.jar;C:\Users\Long Phung\.m2\repository\jakarta\persistence\jakarta.persistence-api\3.1.0\jakarta.persistence-api-3.1.0.jar;C:\Users\Long Phung\.m2\repository\jakarta\transaction\jakarta.transaction-api\2.0.1\jakarta.transaction-api-2.0.1.jar;C:\Users\Long Phung\.m2\repository\org\jboss\logging\jboss-logging\3.5.3.Final\jboss-logging-3.5.3.Final.jar;C:\Users\Long Phung\.m2\repository\org\hibernate\common\hibernate-commons-annotations\6.0.6.Final\hibernate-commons-annotations-6.0.6.Final.jar;C:\Users\Long Phung\.m2\repository\io\smallrye\jandex\3.1.2\jandex-3.1.2.jar;C:\Users\Long Phung\.m2\repository\com\fasterxml\classmate\1.6.0\classmate-1.6.0.jar;C:\Users\Long Phung\.m2\repository\net\bytebuddy\byte-buddy\1.14.12\byte-buddy-1.14.12.jar;C:\Users\Long Phung\.m2\repository\org\glassfish\jaxb\jaxb-runtime\4.0.5\jaxb-runtime-4.0.5.jar;C:\Users\Long Phung\.m2\repository\org\glassfish\jaxb\jaxb-core\4.0.5\jaxb-core-4.0.5.jar;C:\Users\Long Phung\.m2\repository\org\eclipse\angus\angus-activation\2.0.2\angus-activation-2.0.2.jar;C:\Users\Long Phung\.m2\repository\org\glassfish\jaxb\txw2\4.0.5\txw2-4.0.5.jar;C:\Users\Long Phung\.m2\repository\com\sun\istack\istack-commons-runtime\4.1.2\istack-commons-runtime-4.1.2.jar;C:\Users\Long Phung\.m2\repository\jakarta\inject\jakarta.inject-api\2.0.1\jakarta.inject-api-2.0.1.jar;C:\Users\Long Phung\.m2\repository\org\antlr\antlr4-runtime\4.13.0\antlr4-runtime-4.13.0.jar;C:\Users\Long Phung\.m2\repository\org\springframework\data\spring-data-jpa\3.2.4\spring-data-jpa-3.2.4.jar;C:\Users\Long Phung\.m2\repository\org\springframework\data\spring-data-commons\3.2.4\spring-data-commons-3.2.4.jar;C:\Users\Long Phung\.m2\repository\org\springframework\spring-orm\6.1.5\spring-orm-6.1.5.jar;C:\Users\Long Phung\.m2\repository\org\springframework\spring-context\6.1.5\spring-context-6.1.5.jar;C:\Users\Long Phung\.m2\repository\org\springframework\spring-tx\6.1.5\spring-tx-6.1.5.jar;C:\Users\Long Phung\.m2\repository\org\springframework\spring-beans\6.1.5\spring-beans-6.1.5.jar;C:\Users\Long Phung\.m2\repository\jakarta\annotation\jakarta.annotation-api\2.1.1\jakarta.annotation-api-2.1.1.jar;C:\Users\Long Phung\.m2\repository\org\slf4j\slf4j-api\2.0.12\slf4j-api-2.0.12.jar;C:\Users\Long Phung\.m2\repository\org\springframework\spring-aspects\6.1.5\spring-aspects-6.1.5.jar;C:\Users\Long Phung\.m2\repository\org\springframework\boot\spring-boot\3.2.4\spring-boot-3.2.4.jar;C:\Users\Long Phung\.m2\repository\org\springframework\boot\spring-boot-autoconfigure\3.2.4\spring-boot-autoconfigure-3.2.4.jar;C:\Users\Long Phung\.m2\repository\ch\qos\logback\logback-classic\1.4.14\logback-classic-1.4.14.jar;C:\Users\Long Phung\.m2\repository\ch\qos\logback\logback-core\1.4.14\logback-core-1.4.14.jar;C:\Users\Long Phung\.m2\repository\org\apache\logging\log4j\log4j-to-slf4j\2.21.1\log4j-to-slf4j-2.21.1.jar;C:\Users\Long Phung\.m2\repository\org\apache\logging\log4j\log4j-api\2.21.1\log4j-api-2.21.1.jar;C:\Users\Long Phung\.m2\repository\org\slf4j\jul-to-slf4j\2.0.12\jul-to-slf4j-2.0.12.jar;C:\Users\Long Phung\.m2\repository\org\yaml\snakeyaml\2.2\snakeyaml-2.2.jar;C:\Users\Long Phung\.m2\repository\org\springframework\spring-aop\6.1.5\spring-aop-6.1.5.jar;C:\Users\Long Phung\.m2\repository\org\springframework\security\spring-security-config\6.2.3\spring-security-config-6.2.3.jar;C:\Users\Long Phung\.m2\repository\org\springframework\security\spring-security-web\6.2.3\spring-security-web-6.2.3.jar;C:\Users\Long Phung\.m2\repository\org\springframework\spring-expression\6.1.5\spring-expression-6.1.5.jar;C:\Users\Long Phung\.m2\repository\org\apache\tomcat\embed\tomcat-embed-el\10.1.19\tomcat-embed-el-10.1.19.jar;C:\Users\Long Phung\.m2\repository\org\hibernate\validator\hibernate-validator\8.0.1.Final\hibernate-validator-8.0.1.Final.jar;C:\Users\Long Phung\.m2\repository\jakarta\validation\jakarta.validation-api\3.0.2\jakarta.validation-api-3.0.2.jar;C:\Users\Long Phung\.m2\repository\com\fasterxml\jackson\datatype\jackson-datatype-jdk8\2.15.4\jackson-datatype-jdk8-2.15.4.jar;C:\Users\Long Phung\.m2\repository\com\fasterxml\jackson\datatype\jackson-datatype-jsr310\2.15.4\jackson-datatype-jsr310-2.15.4.jar;C:\Users\Long Phung\.m2\repository\com\fasterxml\jackson\module\jackson-module-parameter-names\2.15.4\jackson-module-parameter-names-2.15.4.jar;C:\Users\Long Phung\.m2\repository\org\apache\tomcat\embed\tomcat-embed-core\10.1.19\tomcat-embed-core-10.1.19.jar;C:\Users\Long Phung\.m2\repository\org\apache\tomcat\embed\tomcat-embed-websocket\10.1.19\tomcat-embed-websocket-10.1.19.jar;C:\Users\Long Phung\.m2\repository\org\springframework\spring-web\6.1.5\spring-web-6.1.5.jar;C:\Users\Long Phung\.m2\repository\io\micrometer\micrometer-observation\1.12.4\micrometer-observation-1.12.4.jar;C:\Users\Long Phung\.m2\repository\io\micrometer\micrometer-commons\1.12.4\micrometer-commons-1.12.4.jar;C:\Users\Long Phung\.m2\repository\org\springframework\spring-webmvc\6.1.5\spring-webmvc-6.1.5.jar;C:\Users\Long Phung\.m2\repository\com\mysql\mysql-connector-j\8.3.0\mysql-connector-j-8.3.0.jar;C:\Users\Long Phung\.m2\repository\io\jsonwebtoken\jjwt-api\0.12.5\jjwt-api-0.12.5.jar;C:\Users\Long Phung\.m2\repository\io\jsonwebtoken\jjwt-impl\0.12.5\jjwt-impl-0.12.5.jar;C:\Users\Long Phung\.m2\repository\io\jsonwebtoken\jjwt-jackson\0.12.5\jjwt-jackson-0.12.5.jar;C:\Users\Long Phung\.m2\repository\com\fasterxml\jackson\core\jackson-databind\2.15.4\jackson-databind-2.15.4.jar;C:\Users\Long Phung\.m2\repository\com\fasterxml\jackson\core\jackson-annotations\2.15.4\jackson-annotations-2.15.4.jar;C:\Users\Long Phung\.m2\repository\com\fasterxml\jackson\core\jackson-core\2.15.4\jackson-core-2.15.4.jar;C:\Users\Long Phung\.m2\repository\org\mapstruct\mapstruct\1.5.5.Final\mapstruct-1.5.5.Final.jar;C:\Users\Long Phung\.m2\repository\com\cloudinary\cloudinary-http44\1.36.0\cloudinary-http44-1.36.0.jar;C:\Users\Long Phung\.m2\repository\com\cloudinary\cloudinary-core\1.36.0\cloudinary-core-1.36.0.jar;C:\Users\Long Phung\.m2\repository\org\apache\commons\commons-lang3\3.13.0\commons-lang3-3.13.0.jar;C:\Users\Long Phung\.m2\repository\org\apache\httpcomponents\httpclient\4.4\httpclient-4.4.jar;C:\Users\Long Phung\.m2\repository\org\apache\httpcomponents\httpcore\4.4.16\httpcore-4.4.16.jar;C:\Users\Long Phung\.m2\repository\commons-logging\commons-logging\1.2\commons-logging-1.2.jar;C:\Users\Long Phung\.m2\repository\commons-codec\commons-codec\1.16.1\commons-codec-1.16.1.jar;C:\Users\Long Phung\.m2\repository\org\apache\httpcomponents\httpmime\4.4\httpmime-4.4.jar;C:\Users\Long Phung\.m2\repository\jakarta\xml\bind\jakarta.xml.bind-api\4.0.2\jakarta.xml.bind-api-4.0.2.jar;C:\Users\Long Phung\.m2\repository\jakarta\activation\jakarta.activation-api\2.1.3\jakarta.activation-api-2.1.3.jar;C:\Users\Long Phung\.m2\repository\org\springframework\spring-core\6.1.5\spring-core-6.1.5.jar;C:\Users\Long Phung\.m2\repository\org\springframework\spring-jcl\6.1.5\spring-jcl-6.1.5.jar;C:\Users\Long Phung\.m2\repository\org\springframework\security\spring-security-core\6.2.3\spring-security-core-6.2.3.jar;C:\Users\Long Phung\.m2\repository\org\springframework\security\spring-security-crypto\6.2.3\spring-security-crypto-6.2.3.jar
Launcher Type: SUN_STANDARD

[Global flags]
     intx CICompilerCount                          = 4                                         {product} {ergonomic}
     uint ConcGCThreads                            = 2                                         {product} {ergonomic}
     uint G1ConcRefinementThreads                  = 8                                         {product} {ergonomic}
   size_t G1HeapRegionSize                         = 1048576                                   {product} {ergonomic}
   size_t InitialHeapSize                          = 132120576                                 {product} {ergonomic}
   size_t MarkStackSize                            = 4194304                                   {product} {ergonomic}
   size_t MarkStackSizeMax                         = 536870912                                 {product} {ergonomic}
   size_t MaxHeapSize                              = 2090860544                                {product} {ergonomic}
   size_t MaxNewSize                               = 1254096896                                {product} {ergonomic}
   size_t MinHeapDeltaBytes                        = 1048576                                   {product} {ergonomic}
   size_t MinHeapSize                              = 8388608                                   {product} {ergonomic}
    uintx NonNMethodCodeHeapSize                   = 4096                                   {pd product} {ergonomic}
    uintx NonProfiledCodeHeapSize                  = 0                                      {pd product} {ergonomic}
     bool ProfileInterpreter                       = false                                  {pd product} {command line}
    uintx ProfiledCodeHeapSize                     = 0                                      {pd product} {ergonomic}
   size_t SoftMaxHeapSize                          = 2090860544                             {manageable} {ergonomic}
     intx TieredStopAtLevel                        = 1                                         {product} {command line}
     bool UseCompressedOops                        = true                           {product lp64_product} {ergonomic}
     bool UseG1GC                                  = true                                      {product} {ergonomic}
     bool UseLargePagesIndividualAllocation        = false                                  {pd product} {ergonomic}

Logging:
Log output configuration:
 #0: stdout all=warning uptime,level,tags foldmultilines=false
 #1: stderr all=off uptime,level,tags foldmultilines=false

Environment Variables:
JAVA_HOME=C:\Program Files\Java\jdk-23
PATH=C:\Program Files\Common Files\Oracle\Java\javapath;C:\WINDOWS\system32;C:\WINDOWS;C:\WINDOWS\System32\Wbem;C:\WINDOWS\System32\WindowsPowerShell\v1.0\;C:\WINDOWS\System32\OpenSSH\;C:\Program Files\dotnet\;C:\Program Files (x86)\Microsoft SQL Server\160\DTS\Binn\;C:\Program Files\Azure Data Studio\bin;C:\Program Files (x86)\Microsoft SQL Server\160\Tools\Binn\;C:\Program Files\Microsoft SQL Server\160\Tools\Binn\;C:\Program Files\Microsoft SQL Server\Client SDK\ODBC\170\Tools\Binn\;C:\Program Files\Microsoft SQL Server\160\DTS\Binn\;F:\common;C:\Program Files\Java\jdk-23\bin;C:\apache-maven-3.9.11\bin;C:\Program Files\nodejs\;C:\Program Files\Docker\Docker\resources\bin;C:\ProgramData\DockerDesktop\version-bin;C:\Program Files\Cloudflare\Cloudflare WARP\;C:\Program Files (x86)\Windows Kits\10\Windows Performance Toolkit\;C:\Program Files\Microsoft SQL Server\150\Tools\Binn\;C:\Program Files\CMake\bin;C:\Program Files\Git\cmd;C:\msys64\usr\bin;C:\Program Files\Go\bin;C:\Users\Long Phung\Downloads\skaff;G:\Minikube;C:\Program Files (x86)\Graphviz\bin;C:\Users\Long Phung\AppData\Local\Programs\Python\Python312\Scripts\;C:\Users\Long Phung\AppData\Local\Programs\Python\Python312\;C:\Users\Long Phung\AppData\Local\Programs\Python\Launcher\;C:\Users\Long Phung\AppData\Local\Microsoft\WindowsApps;C:\Program Files\Azure Data Studio\bin;F:\Microsoft VS Code\bin;C:\Users\Long Phung\AppData\Local\GitHubDesktop\bin;C:\Users\Long Phung\AppData\Roaming\npm;C:\Program Files\Java\jdk-17\bin;C:\Users\Long Phung\.dotnet\tools;C:\Program Files\JetBrains\PyCharm 2025.1.3.1\bin;;C:\Users\Long Phung\go\bin;C:\Users\Long Phung\AppData\Local\Google\Cloud SDK\google-cloud-sdk\bin;F:\Antigravity\bin;G:\cursor\resources\app\bin
USERNAME=Long Phung
LANG=en_US.UTF-8
OS=Windows_NT
PROCESSOR_IDENTIFIER=Intel64 Family 6 Model 140 Stepping 1, GenuineIntel
TMP=C:\Users\LONGPH~1\AppData\Local\Temp
TEMP=C:\Users\LONGPH~1\AppData\Local\Temp




Periodic native trim disabled

---------------  S Y S T E M  ---------------

OS:
 Windows 11 , 64 bit Build 26100 (10.0.26100.7705)
OS uptime: 0 days 16:26 hours
Hyper-V role detected

CPU: total 8 (initial active 8) (4 cores per cpu, 2 threads per core) family 6 model 140 stepping 1 microcode 0x8a, cx8, cmov, fxsr, ht, mmx, 3dnowpref, sse, sse2, sse3, ssse3, sse4.1, sse4.2, popcnt, lzcnt, tsc, tscinvbit, avx, avx2, aes, erms, clmul, bmi1, bmi2, adx, avx512f, avx512dq, avx512cd, avx512bw, avx512vl, sha, fma, vzeroupper, avx512_vpopcntdq, avx512_vpclmulqdq, avx512_vaes, avx512_vnni, clflush, clflushopt, clwb, avx512_vbmi2, avx512_vbmi, hv, rdtscp, rdpid, fsrm, gfni, avx512_bitalg, f16c, cet_ibt, cet_ss, avx512_ifma
Processor Information for the first 8 processors :
  Max Mhz: 2803, Current Mhz: 2803, Mhz Limit: 2803

Memory: 4k page, system-wide physical 7971M (925M free)
TotalPageFile size 25471M (AvailPageFile size 0M)
current process WorkingSet (physical memory assigned to process): 192M, peak: 192M
current process commit charge ("private bytes"): 229M, peak: 249M

vm_info: Java HotSpot(TM) 64-Bit Server VM (23.0.1+11-39) for windows-amd64 JRE (23.0.1+11-39), built on 2024-09-30T07:20:43Z with MS VC++ 17.6 (VS2022)

END.
